-- MariaDB dump 10.19  Distrib 10.4.25-MariaDB, for Win64 (AMD64)
--
-- Host: localhost    Database: sprzezenia2
-- ------------------------------------------------------
-- Server version	10.4.25-MariaDB

/*!40101 SET @OLD_CHARACTER_SET_CLIENT=@@CHARACTER_SET_CLIENT */;
/*!40101 SET @OLD_CHARACTER_SET_RESULTS=@@CHARACTER_SET_RESULTS */;
/*!40101 SET @OLD_COLLATION_CONNECTION=@@COLLATION_CONNECTION */;
/*!40101 SET NAMES utf8mb4 */;
/*!40103 SET @OLD_TIME_ZONE=@@TIME_ZONE */;
/*!40103 SET TIME_ZONE='+00:00' */;
/*!40014 SET @OLD_UNIQUE_CHECKS=@@UNIQUE_CHECKS, UNIQUE_CHECKS=0 */;
/*!40014 SET @OLD_FOREIGN_KEY_CHECKS=@@FOREIGN_KEY_CHECKS, FOREIGN_KEY_CHECKS=0 */;
/*!40101 SET @OLD_SQL_MODE=@@SQL_MODE, SQL_MODE='NO_AUTO_VALUE_ON_ZERO' */;
/*!40111 SET @OLD_SQL_NOTES=@@SQL_NOTES, SQL_NOTES=0 */;

--
-- Table structure for table `filmy`
--

DROP TABLE IF EXISTS `filmy`;
/*!40101 SET @saved_cs_client     = @@character_set_client */;
/*!40101 SET character_set_client = utf8 */;
CREATE TABLE `filmy` (
  `ID_filmu` varchar(6) NOT NULL,
  `Tytul` varchar(49) DEFAULT NULL,
  `Kraj_produkcji` varchar(15) DEFAULT NULL,
  `Gatunek` varchar(10) DEFAULT NULL,
  `Cena_w_zl` int(1) DEFAULT NULL,
  PRIMARY KEY (`ID_filmu`)
) ENGINE=InnoDB DEFAULT CHARSET=utf8;
/*!40101 SET character_set_client = @saved_cs_client */;

--
-- Dumping data for table `filmy`
--

LOCK TABLES `filmy` WRITE;
/*!40000 ALTER TABLE `filmy` DISABLE KEYS */;
INSERT INTO `filmy` VALUES ('AA1993','Lista Schindlera','Polska','wojenny',6),('AA1994','Pulp Fiction','USA','thriller',6),('AA1995','Siedem','USA','thriller',8),('AA1998','Szeregowiec Ryan','USA','wojenny',5),('AA2000','Chlopaki nie placza','Polska','komedia',6),('AA2002','Resident Evil','Wielka Brytania','horror',6),('AA2003','Kill Bill','USA','thriller',6),('AA2005','Charlie i fabryka czekolady','USA','familijny',8),('AA2006','Kod da Vinci','USA','thriller',8),('AA2007','Sierociniec','Hiszpania','horror',6),('AB1994','Forrest Gump','USA','dramat',7),('AB1999','Zielona Mila','USA','dramat',8),('AB2000','Requiem dla snu','USA','dramat',6),('AB2001','Wladca Pierscieni','Nowa Zelandia','fantazy',5),('AB2003','Ostatni samuraj','USA','wojenny',5),('AB2005','Madagaskar','USA','familijny',8),('AB2006','Diabel ubiera sie u Prady','Polska','komedia',7),('AB2007','[Rec]','Hiszpania','horror',6),('AB2009','Kac Vegas','Niemcy','komedia',8),('AC1979','Czas Apokalipsy','USA','wojenny',7),('AC1992','Ojciec chrzestny','USA','dramat',5),('AC1994','Skazani na Shawshank','USA','dramat',6),('AC1997','Adwokat Diabla','Niemcy','thriller',6),('AC2000','Gladiator','Wielka Brytania','dramat',8),('AC2001','Wrog u bram','Wielka Brytania','wojenny',7),('AC2003','Gothica','USA','horror',6),('AC2005','Kevin sam w domu','USA','familijny',5),('AC2007','1408','USA','horror',6),('AC2008','Czysta krew','USA','horror',7),('AC2010','Alicja w Krainie Czarow','USA','familijny',8),('AD2008','Wall-e','USA','familijny',8),('AE2008','The Hurt Locker. W pulapce wojny','USA','wojenny',7),('AF2008','Jumper','Kanada','przygodowy',7),('AH2000','Cast Away - poza swiatem','USA','dramat',5),('AK2010','Niepokonani','USA','dramat',8),('AL2010','Essential Killing','Polska','dramat',8),('AM2010','Nasza niania jest agentem','USA','komedia',7),('AS1999','Podziemny krag','USA','thriller',5),('AS2010','Czarny labedz','USA','thriller',8),('AW2010','Incepcja','USA','sf',8),('AX2000','Straszny film','USA','komedia',7),('AX2003','Bruce Wszechmogacy','USA','komedia',5),('AX2006','300','USA','dramat',6),('AX2009','Dom zly','Polska','dramat',8),('AY2000','Oszukac przeznaczenie','Kanada','horror',7),('AY2007','Mgla','USA','horror',7),('AZ2009','Ciekawy przypadek Benjamina Buttona','USA','fantazy',8),('BB1991','Milczenie owiec','USA','thriller',5),('BB1997','Zycie jest piekne','Wlochy','wojenny',7),('BB1999','Matrix','USA','sf',7),('BB2001','Shrek','USA','familijny',6),('BB2003','Piraci z Karaibow: Klatwa Czarnej Perly','USA','przygodowy',6),('BB2004','Efekt motyla','USA','thriller',6),('BB2005','Harry Potter i Czara Ognia','Wielka Brytania','przygodowy',7),('BB2009','Avatar','Wielka Brytania','sf',5),('BC2004','Pila','USA','horror',7),('BC2009','Bekarty wojny','Niemcy','wojenny',8),('BD2005','Opowiesci z Narnii: Lew, czarownica i stara szafa','Wielka Brytania','familijny',8),('BF1990','Edward Nozycoreki','USA','dramat',5),('BF1999','American Pie','USA','komedia',5),('BF2001','Helikopter w ogniu','USA','wojenny',8),('BF2004','Van Helsing','USA','horror',6),('BF2008','Chlopiec w pasiastej pizamie','Wielka Brytania','wojenny',8),('BG1999','Szosty zmysl','USA','thriller',8),('BH2004','Krol Lew III. Hakuna Matata','USA','przygodowy',6),('CD1986','Pluton','Wielka Brytania','wojenny',7),('CD2001','Kompania braci','Wielka Brytania','wojenny',7),('CD2002','Dzien swira','Polska','komedia',6),('CD2004','Skarb narodow','USA','przygodowy',7),('CD2007','Ratatuj','USA','familijny',5),('CD2008','Lejdis','Polska','komedia',6),('CD2009','Saga \"Zmierzch\": Ksiezyc w nowiu','USA','horror',8),('CE2002','Pianista','Polska','wojenny',6),('CF2004','Eurotrip','USA','przygodowy',7),('CG2002','The Ring','Japonia','horror',6),('DC1999','American Beauty','USA','komedia',7),('DD1978','Lowca jeleni','Wielka Brytania','wojenny',7),('DD1983','Seksmisja','Polska','komedia',5),('DD1987','Imperium Slonca','USA','wojenny',7),('DD1999','Dziewiate wrota','Hiszpania','horror',6),('DD2002','Piekny umysl','USA','dramat',6),('DD2003','Underworld','Wielka Brytania','horror',5),('DD2005','Parnassus','Wielka Brytania','przygodowy',7),('DD2007','Testosteron','Polska','komedia',8),('DD2009','Mroczny rycerz','Wielka Brytania','sf',8),('DE1999','Mumia','USA','przygodowy',7),('NK2005','Duma i uprzedzenie','Wielka Brytania','melodramat',7),('NN1994','Leon Zawodowiec','Francja','dramat',7),('NN2006','Asterix i wikingowie','Francja','komedia',6);
/*!40000 ALTER TABLE `filmy` ENABLE KEYS */;
UNLOCK TABLES;

--
-- Table structure for table `klienci`
--

DROP TABLE IF EXISTS `klienci`;
/*!40101 SET @saved_cs_client     = @@character_set_client */;
/*!40101 SET character_set_client = utf8 */;
CREATE TABLE `klienci` (
  `Pesel` bigint(12) NOT NULL,
  `Imie` varchar(10) DEFAULT NULL,
  `Nazwisko` varchar(13) DEFAULT NULL,
  PRIMARY KEY (`Pesel`)
) ENGINE=InnoDB DEFAULT CHARSET=utf8;
/*!40101 SET character_set_client = @saved_cs_client */;

--
-- Dumping data for table `klienci`
--

LOCK TABLES `klienci` WRITE;
/*!40000 ALTER TABLE `klienci` DISABLE KEYS */;
INSERT INTO `klienci` VALUES (47032598027,'Malgorzata','Nowakowska'),(47032598048,'Anna','Duszynska'),(49060987956,'Mariusz','Suszyn'),(53070987066,'Karolina','Wrak'),(56070476895,'Waldemar','Koronski'),(56070576888,'Ryszarda','Januszek'),(57091566457,'Radoslaw','Sowinski'),(57101566451,'Mateusz','Hajdug'),(58073022657,'Henryk','Polarek'),(59092098710,'Krzysztof','Plecien'),(65072490045,'Patrycja','Grzeszcz'),(65082890067,'Anastazja','Madejska'),(65082890107,'Ilona','Lukaszewska'),(65092490015,'Krzysztof','Czyz'),(65092890062,'Katarzyna','Dzielna'),(66030685027,'Mariola','Lew'),(66032684427,'Natalia','Wolny'),(70100775818,'Andrzej','Zbieg'),(70120675818,'Adrian','Wozniak'),(70120675819,'Adam','Madejski'),(71022675598,'Kamil','Naderka'),(71032675523,'Natalia','Boryczko'),(73022098738,'Bartosz','Mazgaj'),(73029098768,'Monika','Srubka'),(73050412326,'Kamila','Kot'),(73050512356,'Grzegorz','Wojtowicz'),(73052776846,'Kamila','Knapik'),(73082076855,'Adrian','Baran'),(73082776855,'Jan','Gacek'),(73092076849,'Barbara','Bury'),(75082822346,'Maria','Adamska'),(76022675847,'Hanna','Modlinska'),(76103098037,'Szymon','Polak'),(76113098062,'Marta','Wloczkow'),(76122675877,'Zenon','Las'),(77012657439,'Kamil','Wolny'),(77012657444,'Emilia','Mroczek'),(77121098865,'Aleksandra','Donata'),(78061600937,'Marcin','Wrobel'),(78062600932,'Maciej','Czyzynska'),(78062657877,'Konrad','Jagielski'),(79012776558,'Wojciech','Czyzewski'),(79021766553,'Michal','Polaczek'),(79022009768,'Kamila','Janas'),(79022707767,'Agnieszka','Matusik'),(79022776533,'Hubert','Pieczatowski'),(79030778655,'Tomasz','Tytan'),(79032587649,'Dorota','Gumowska'),(79032778615,'Kacper','Pioro'),(79032778646,'Anna','Jopek'),(79040112365,'Karolina','Mikos'),(79040554576,'Przemyslaw','Marek'),(79052009768,'Izabella','Jelen'),(79052707768,'Zuzanna','Kalisz'),(79062009767,'Joanna','Ottka'),(79063009468,'Alicja','Walentowicz'),(79072587659,'Wieslaw','Kasza'),(79092009769,'Alicja','Gadek'),(79092776545,'Maria','Galas'),(79100445687,'Justyna','Mnich'),(79101010977,'Mateusz','Uklej'),(79101889775,'Borys','Winiarski'),(79111590986,'Joanna','Traugut'),(79112889763,'Adela','Waruszewska'),(79122889753,'Piotr','Mozart'),(80062465997,'Hubert','Smyk'),(80070324546,'Monika','Nowaczkiewicz'),(80070324566,'Anna','Klimas'),(80070765593,'Antoni','Pis'),(80072765543,'Balbina','Madej'),(80072765563,'Natalia','Olkuska'),(81020799097,'Maciej','Szwec'),(81042277655,'Lukasz','Niedziela'),(81060188946,'Marzena','Jagielska'),(81062099545,'Malgorzata','Karlowska'),(81070188996,'Pawel','Nowakowski'),(81102454687,'Renata','Pawlak'),(82030192835,'Krzysztof','Dwa'),(82030192845,'Kinga','Kleszcz'),(82052148795,'Jaroslaw','Kopiec'),(82070688934,'Szymon','Wozniak'),(82070688964,'Gabriela','Oleszkiewicz'),(82072709836,'Karol','Wichrowski'),(82072709846,'Joanna','Zygmunt'),(83080122395,'Mateusz','Mrowczynski'),(83081788913,'Maciej','Nowak'),(83081788923,'Jolanta','Bicz'),(84072555426,'Patrycja','Dzban'),(84072555466,'Eugenia','Pieta'),(84091751923,'Kinga','Trawinska'),(84091751933,'Szymon','Mrozniak'),(84092799822,'Maja','Kaminska'),(85102809896,'Maciej','Siemiatkowski'),(86070376599,'Michal','Jan'),(86102376554,'Wojciech','Maja'),(86112376544,'Katarzyna','Zmokly'),(87080799825,'Izabela','Draszczyk'),(87100488725,'Joanna','Wrobel'),(87100788765,'Dorota','Zdun'),(87121987686,'Barbara','Podobinska'),(88022685902,'Wieslawa','Koniec'),(88022685932,'Przemyslaw','Zabobon'),(88030422354,'Jacek','Szypulski'),(88032678854,'Jakub','Bracik'),(88111299954,'Karol','Walasz'),(89021744366,'Magdalena','Nowak'),(89022489744,'Weronika','Zdroj'),(89022908736,'Jan','Mierny'),(89022908766,'Natalia','Mroz'),(89040987715,'Zenon','Zbych'),(89100899833,'Ryszard','Matusik'),(89101774688,'Zofia','Janczy'),(89121744366,'Lucja','Zych'),(89121774628,'Izabela','Sobota'),(89122009428,'Klaudia','Myk'),(89122489714,'Stanislaw','Janiec'),(89122589754,'Bartlomiej','Wojciechowski'),(89122889704,'Magdalena','Bach'),(89123009458,'Grzegorz','Jackowski'),(90010488986,'Katarzyna','Karnia'),(90030999826,'Monika','Piterka'),(90030999856,'Mariusz','Mrowiec'),(90051902315,'Jan','Zajac'),(90110899884,'Karolina','Wrona'),(90112738475,'Tomasz','Hajdi'),(91050687765,'Olga','Paluszkiewicz'),(91052687735,'Krzysztof','Konieckiewicz'),(92032487685,'Agnieszka','Kaminska'),(95052768528,'Kamila','Wolan'),(95052768598,'Zenon','Bartek'),(95082036587,'Daria','Zagrobna'),(95082778926,'Marzena','Gajek'),(95082778956,'Jan','Jarek'),(950820365873,'Tomasz','Niewiedowski');
/*!40000 ALTER TABLE `klienci` ENABLE KEYS */;
UNLOCK TABLES;

--
-- Table structure for table `pacjenci`
--

DROP TABLE IF EXISTS `pacjenci`;
/*!40101 SET @saved_cs_client     = @@character_set_client */;
/*!40101 SET character_set_client = utf8 */;
CREATE TABLE `pacjenci` (
  `ID_pacjenta` int(3) DEFAULT NULL,
  `Imie` varchar(9) DEFAULT NULL,
  `Nazwisko` varchar(13) DEFAULT NULL,
  `Czy_ubezpieczony` int(1) DEFAULT NULL,
  `plec` varchar(1) DEFAULT NULL
) ENGINE=InnoDB DEFAULT CHARSET=utf8;
/*!40101 SET character_set_client = @saved_cs_client */;

--
-- Dumping data for table `pacjenci`
--

LOCK TABLES `pacjenci` WRITE;
/*!40000 ALTER TABLE `pacjenci` DISABLE KEYS */;
INSERT INTO `pacjenci` VALUES (1,'Jan','Nadolicki',1,'m'),(2,'Anna','Augustowska',0,'k'),(3,'Dominika','Polkowicka',1,'k'),(4,'Sebastian','Augustowski',1,'m'),(5,'Kornel','Augustowski',1,'m'),(6,'Grzegorz','Katowicki',1,'m'),(7,'Adam','Augustowski',1,'m'),(8,'Andrzej','Piotrkowski',1,'m'),(9,'Tomasz','Augustowski',1,'m'),(10,'Justyna','Augustowska',1,'k'),(11,'Ewelina','Nyska',1,'k'),(12,'Katarzyna','Piotrkowska',1,'k'),(13,'Paulina','Katowicka',1,'k'),(14,'Zofia','Augustowska',1,'k'),(15,'Jadwiga','Chorzowska',1,'k'),(16,'Wiktor','Szklarski',0,'m'),(17,'Jerzy','Malborski',1,'m'),(18,'Jan','Krakowski',1,'m'),(19,'Anna','Szklarska',1,'k'),(20,'Ewa','Polanicka',1,'k'),(21,'Karol','Bolkowski',1,'m'),(22,'Kornel','Henrykowski',1,'m'),(23,'Wojciech','Czernicki',1,'m'),(24,'Adam','Piotrkowski',1,'m'),(25,'Andrzej','Krakowski',1,'m'),(26,'Piotr','Polkowicki',1,'m'),(27,'Justyna','Krakowska',1,'k'),(28,'Zuzanna','Piotrkowska',1,'k'),(29,'Karolina','Krakowska',1,'k'),(30,'Paulina','Opolska',0,'k'),(31,'Beata','Krakowska',1,'k'),(32,'Olivia','Sopocka',1,'k'),(33,'Wiktor','Krakowski',1,'m'),(34,'Jerzy','Kielecki',1,'m'),(35,'Jan','Krynicki',1,'m'),(36,'Anna','Trzebnicka',1,'k'),(37,'Agata','Krakowska',0,'k'),(38,'Sebastian','Helski',1,'m'),(39,'Kornel','Gorzowski',1,'m'),(40,'Wojciech','Krakowski',1,'m'),(41,'Adam','Kielecki',1,'m'),(42,'Andrzej','Trzebnicki',1,'m'),(43,'Patryk','Katowicki',1,'m'),(44,'Justyna','Krynicka',1,'k'),(45,'Ewelia','Krakowska',1,'k'),(46,'Karolina','Bydgoska',1,'k'),(47,'Paulina','Krakowska',1,'k'),(48,'Zofia','Suwalska',1,'k'),(49,'Patrycja','Rzeszowska',1,'k'),(50,'Wiktor','Szczyrkowski',1,'m'),(51,'Janusz','Krakowski',0,'m'),(52,'Janusz','Krynicki',1,'m'),(53,'Anna','Bydgoska',1,'k'),(54,'Dominika','Szklarska',1,'k'),(55,'Feliks','Sycowski',1,'m'),(56,'Bonifacy','Pleszewski',1,'m'),(57,'Wojciech','Kaliski',1,'m'),(59,'Andrzej','Pleszewski',1,'m'),(60,'Piotr','Sycowski',1,'m'),(61,'Alicja','Chorzowska',1,'k'),(62,'Krystyna','Pleszewska',1,'k'),(63,'Karolina','Karpacki',1,'k'),(64,'Paulina','Chorzowska',1,'k'),(65,'Barbara','Wpawska',0,'k'),(66,'Patrycja','Pleszewska',1,'k'),(67,'Wiktor','Chorzowski',1,'m'),(68,'Marcin','Pleszewski',1,'m'),(69,'Mateusz','Lubelski',1,'m'),(70,'Anna','Kaliska',1,'k'),(71,'Kalina','Opolska',1,'k'),(72,'Bogumił','Lubelski',0,'m'),(73,'Kornel','Lubelski',1,'m'),(74,'Wojciech','Katowicki',1,'m'),(75,'Adam','Sycowski',1,'m'),(76,'Andrzej','Lubelski',1,'m'),(77,'Antoni','Trzebnicki',1,'m'),(78,'Justyna','Lubelska',1,'k'),(79,'Ewelia','Lubelska',0,'k'),(80,'Karolina','Szklarska',1,'k'),(81,'Paulina','Suwalska',1,'k'),(82,'Zuzanna','Katowicka',1,'k'),(83,'Patrycja','Opolska',1,'k'),(84,'Wiktor','Lubelski',1,'m'),(85,'Jerzy','Lubelski',1,'m'),(86,'Jan','Katowicki',0,'m'),(87,'Kleopatra','Warszawska',1,'k'),(88,'Malwina','Parczewska',1,'k'),(89,'Kazimierz','Warszawski',1,'m'),(90,'Kornel','Bydgoski',1,'m'),(91,'Wojciech','Warszawski',1,'m'),(92,'Adam','Warszawski',1,'m'),(93,'Andrzej','Bydgoski',0,'m'),(94,'Piotr','Warszawski',1,'m'),(95,'Justyna','Bydgoska',1,'k'),(96,'Marzena','Opolska',1,'k'),(97,'Karolina','Legnicka',1,'k'),(98,'Paulina','Podlaska',1,'k'),(99,'Rita','Warszawska',1,'k'),(100,'Zyta','Opolska',0,'k'),(101,'Horacy','Warszawski',1,'m'),(102,'Marek','Chorzowski',1,'m'),(103,'Wojciech','Obornicki',1,'m'),(104,'Piotr','Nyski',1,'m'),(105,'Dorota','Tarnowska',1,'k'),(106,'Ewelia','Augustowska',1,'k'),(107,'Karolina','Chorzowska',0,'k'),(108,'Marzena','Szklarska',1,'k'),(109,'Kaja','Malbolrska',1,'k'),(110,'Amelia','Czarnoleska',1,'k'),(111,'Anzelm','Bystrzycki',1,'m'),(112,'Narcyz','Polanicki',1,'m'),(113,'Rudolf','Bolkowski',1,'m'),(114,'Dorota','Sosnowiecka',0,'k'),(115,'Dominika','Czernicka',1,'k'),(116,'Sebastian','Piotrkowski',1,'m'),(117,'Seweryn','Krakowski',1,'m'),(118,'Wojciech','Polkowicki',1,'m'),(119,'Adam','Bielski',1,'m'),(120,'Karol','Krakowski',1,'m'),(121,'Marta','Bydgoska',0,'k'),(122,'Justyna','Opolska',1,'k'),(123,'Julia','Kielecka',1,'k'),(124,'Karolina','Sopocka',1,'k'),(125,'Inga','Bydgoska',1,'k'),(126,'Zofia','Krakowska',1,'k'),(127,'Sabina','Krynicka',1,'k'),(128,'Rozalia','Trzebnicka',0,'k'),(129,'Jerzy','Krakowski',1,'m'),(130,'Marek','Helski',1,'m'),(131,'Joanna','Chorzowska',1,'k'),(132,'Teresa','Krakowska',1,'k'),(133,'Marek','Pabianicki',0,'m'),(134,'Kacper','Trzebnicki',1,'m'),(135,'Wiktor','Kutnowski',1,'m'),(136,'Jerzy','Sycowski',1,'m'),(137,'Tadeusz','Starachowicki',1,'m'),(138,'Karolina','Trzebnicka',1,'k'),(139,'Malwina','Lubelski',1,'k'),(140,'Rozalia','Siedlecka',0,'k'),(141,'Filip','Krakowski',1,'m'),(142,'Amadeusz','Helski',1,'m'),(143,'Joanna','Mielecka',1,'k'),(144,'Michalina','Krakowska',1,'k'),(145,'Stefan','Pabianicki',0,'m'),(146,'January','Trzebnicki',1,'m'),(147,'Wiktoria','Kutnowska',1,'k'),(148,'Tomasz','Sycowski',1,'m'),(149,'Piotr','Brzeski',1,'m'),(150,'Edwina','Tarnowska',1,'k'),(151,'Maria','Zamojska',1,'k'),(152,'Maria','Opolska',0,'k'),(153,'Jonasz','Warszawski',1,'m'),(154,'Kamil','Katowicki',1,'m'),(155,'Andrzej','Augustowski',1,'m'),(156,'Piotr','Piotrkowski',1,'m'),(157,'Faustyn','Augustowski',1,'m'),(158,'Irma','Augustowska',1,'k'),(159,'Karolina','Nyska',1,'k'),(160,'Paulina','Piotrkowska',1,'k'),(161,'Zofia','Katowicka',1,'k'),(162,'Patrycja','Augustowska',1,'k'),(163,'Wiktor','Pilski',1,'m'),(164,'Jerzy','Szklarski',1,'m'),(165,'Jan','Malbolrski',1,'m'),(166,'Daria','Krakowska',0,'k'),(167,'Tekla','Szklarska',1,'k'),(168,'Kazimiera','Parczewska',1,'k'),(169,'Kazimierz','Przemyski',1,'m'),(170,'Eustachy','Bydgoski',1,'m'),(171,'Klemens','Warszawski',1,'m'),(172,'Adam','Radomski',1,'m'),(173,'Ernest','Bydgoski',0,'m'),(174,'Gustaw','Warszawski',1,'m'),(175,'Natalia','Bydgoska',1,'k'),(176,'Lpia','Opolska',1,'k'),(177,'Karina','Legnicka',1,'k'),(178,'Amelia','Podlaska',1,'k'),(179,'Malwina','Skierniewicka',1,'k'),(180,'Natalia','Opolska',0,'k'),(181,'Protazy','Warszawski',1,'m'),(182,'Kamil','Chorzowski',1,'m'),(184,'Piotr','Piotrkowska',1,'m'),(185,'Dorota','Katowicka',1,'k'),(186,'Ewa','Augustowska',1,'k'),(187,'Kinga','Chorzowska',0,'k'),(188,'Paulina','Szklarska',1,'k'),(189,'Zofia','Malbolrska',1,'k'),(190,'Patrycja','Czarnoleska',1,'k'),(191,'Wiktor','Bystrzycki',1,'m'),(192,'Jerzy','Polanicki',1,'m'),(193,'Jan','Bolkowski',1,'m'),(194,'Dorota','Krakowska',0,'k'),(195,'Antonina','Bydgoska',1,'k'),(196,'Ewelia','Otwocka',1,'k'),(197,'Maryla','Legnicka',1,'k'),(198,'Janina','Podlaska',1,'k'),(199,'Zofia','Warszawska',1,'k'),(200,'Marta','Opolska',1,'k');
/*!40000 ALTER TABLE `pacjenci` ENABLE KEYS */;
UNLOCK TABLES;

--
-- Table structure for table `wizyty`
--

DROP TABLE IF EXISTS `wizyty`;
/*!40101 SET @saved_cs_client     = @@character_set_client */;
/*!40101 SET character_set_client = utf8 */;
CREATE TABLE `wizyty` (
  `Identyfikator` int(4) NOT NULL,
  `ID_pacjenta` int(3) DEFAULT NULL,
  `ID_lekarza` varchar(3) DEFAULT NULL,
  `data_wizyty` varchar(19) DEFAULT NULL,
  PRIMARY KEY (`Identyfikator`)
) ENGINE=InnoDB DEFAULT CHARSET=utf8;
/*!40101 SET character_set_client = @saved_cs_client */;

--
-- Dumping data for table `wizyty`
--

LOCK TABLES `wizyty` WRITE;
/*!40000 ALTER TABLE `wizyty` DISABLE KEYS */;
INSERT INTO `wizyty` VALUES (1,124,'l10','2005-01-15 00:00:00'),(2,34,'l6','2005-01-03 00:00:00'),(3,170,'l5','2004-12-22 00:00:00'),(4,194,'l5','2004-12-10 00:00:00'),(5,158,'l13','2004-11-28 00:00:00'),(6,44,'l12','2004-11-16 00:00:00'),(7,42,'l8','2004-11-04 00:00:00'),(8,38,'l13','2004-10-23 00:00:00'),(9,76,'l8','2004-10-11 00:00:00'),(10,190,'l7','2004-09-29 00:00:00'),(11,138,'l2','2004-09-17 00:00:00'),(12,48,'l8','2004-09-05 00:00:00'),(13,92,'l8','2004-08-24 00:00:00'),(14,170,'l2','2004-08-12 00:00:00'),(15,6,'l4','2004-07-31 00:00:00'),(16,126,'l5','2004-07-19 00:00:00'),(17,84,'l12','2004-07-07 00:00:00'),(18,30,'l4','2004-06-25 00:00:00'),(19,106,'l12','2004-06-13 00:00:00'),(20,116,'l1','2004-06-01 00:00:00'),(21,184,'l8','2004-05-20 00:00:00'),(22,20,'l8','2004-05-08 00:00:00'),(23,18,'l7','2004-04-26 00:00:00'),(24,188,'l13','2004-04-14 00:00:00'),(25,72,'l12','2004-04-02 00:00:00'),(26,44,'l10','2004-03-21 00:00:00'),(27,140,'l12','2004-03-09 00:00:00'),(28,104,'l1','2004-02-26 00:00:00'),(29,24,'l9','2004-02-14 00:00:00'),(30,46,'l6','2004-02-02 00:00:00'),(31,172,'l4','2004-01-21 00:00:00'),(32,60,'l11','2004-01-09 00:00:00'),(33,104,'l6','2003-12-28 00:00:00'),(34,190,'l5','2003-12-16 00:00:00'),(35,154,'l4','2003-12-04 00:00:00'),(36,72,'l4','2003-11-22 00:00:00'),(37,166,'l6','2003-11-10 00:00:00'),(38,6,'l7','2003-10-29 00:00:00'),(39,78,'l2','2003-10-17 00:00:00'),(40,100,'l10','2003-10-05 00:00:00'),(41,126,'l2','2003-09-23 00:00:00'),(42,140,'l5','2003-09-11 00:00:00'),(43,170,'l5','2003-08-30 00:00:00'),(44,148,'l1','2003-08-18 00:00:00'),(45,72,'l1','2003-08-06 00:00:00'),(46,90,'l9','2003-07-25 00:00:00'),(47,60,'l1','2003-07-13 00:00:00'),(48,144,'l10','2003-07-01 00:00:00'),(49,12,'l11','2003-06-19 00:00:00'),(50,86,'l11','2003-06-07 00:00:00'),(51,146,'l6','2003-05-26 00:00:00'),(52,128,'l3','2003-05-14 00:00:00'),(53,52,'l1','2003-05-02 00:00:00'),(54,54,'l4','2003-04-20 00:00:00'),(55,146,'l1','2003-04-08 00:00:00'),(56,82,'l3','2003-03-27 00:00:00'),(57,60,'l10','2003-03-15 00:00:00'),(58,92,'l3','2003-03-03 00:00:00'),(59,114,'l7','2003-02-19 00:00:00'),(60,80,'l11','2003-02-07 00:00:00'),(61,92,'l12','2003-01-26 00:00:00'),(62,110,'l5','2003-01-14 00:00:00'),(63,10,'l7','2003-01-02 00:00:00'),(64,26,'l11','2002-12-21 00:00:00'),(65,102,'l5','2002-12-09 00:00:00'),(67,82,'l12','2002-11-15 00:00:00'),(68,132,'l4','2002-11-03 00:00:00'),(69,182,'l5','2002-10-22 00:00:00'),(70,98,'l1','2002-10-10 00:00:00'),(71,194,'l13','2002-09-28 00:00:00'),(72,178,'l11','2002-09-16 00:00:00'),(73,114,'l10','2002-09-04 00:00:00'),(74,12,'l3','2005-01-15 00:00:00'),(75,168,'l10','2005-01-03 00:00:00'),(76,52,'l2','2004-12-22 00:00:00'),(77,46,'l9','2004-12-10 00:00:00'),(78,62,'l2','2004-11-28 00:00:00'),(79,82,'l12','2004-11-16 00:00:00'),(80,44,'l9','2004-11-04 00:00:00'),(81,70,'l2','2004-10-23 00:00:00'),(82,122,'l2','2004-10-11 00:00:00'),(83,94,'l12','2004-09-29 00:00:00'),(84,6,'l9','2004-09-17 00:00:00'),(85,98,'l1','2004-09-05 00:00:00'),(86,134,'l1','2004-08-24 00:00:00'),(87,10,'l5','2004-08-12 00:00:00'),(88,18,'l10','2004-07-31 00:00:00'),(89,140,'l10','2004-07-19 00:00:00'),(90,2,'l4','2004-07-07 00:00:00'),(91,56,'l2','2004-06-25 00:00:00'),(92,186,'l4','2004-06-13 00:00:00'),(93,2,'l2','2004-06-01 00:00:00'),(94,118,'l5','2005-01-15 00:00:00'),(95,164,'l12','2005-01-03 00:00:00'),(96,28,'l12','2004-12-22 00:00:00'),(97,126,'l3','2004-12-10 00:00:00'),(98,40,'l11','2004-11-28 00:00:00'),(99,96,'l10','2004-11-16 00:00:00'),(100,156,'l10','2004-11-04 00:00:00'),(101,38,'l11','2004-10-23 00:00:00'),(102,32,'l1','2004-10-11 00:00:00'),(103,50,'l6','2004-09-29 00:00:00'),(104,132,'l8','2004-09-17 00:00:00'),(105,82,'l11','2004-09-05 00:00:00'),(106,168,'l11','2004-08-24 00:00:00'),(107,100,'l9','2004-08-12 00:00:00'),(108,148,'l3','2004-07-31 00:00:00'),(109,158,'l11','2004-07-19 00:00:00'),(111,158,'l2','2004-06-25 00:00:00'),(112,16,'l6','2004-06-13 00:00:00'),(113,18,'l1','2004-06-01 00:00:00'),(114,122,'l4','2003-03-15 00:00:00'),(115,182,'l8','2003-03-03 00:00:00'),(116,192,'l1','2003-02-19 00:00:00'),(117,84,'l12','2003-02-07 00:00:00'),(118,14,'l1','2003-01-26 00:00:00'),(119,48,'l5','2003-01-14 00:00:00'),(120,94,'l1','2003-01-02 00:00:00'),(121,190,'l1','2002-12-21 00:00:00'),(122,138,'l6','2002-12-09 00:00:00'),(123,136,'l4','2002-11-27 00:00:00'),(124,118,'l9','2002-11-15 00:00:00'),(125,10,'l2','2002-11-03 00:00:00'),(126,22,'l4','2002-10-22 00:00:00'),(127,194,'l6','2002-10-10 00:00:00'),(128,194,'l1','2002-09-28 00:00:00'),(129,70,'l4','2002-09-16 00:00:00'),(130,98,'l9','2002-09-04 00:00:00'),(131,38,'l6','2005-01-15 00:00:00'),(132,108,'l9','2005-01-03 00:00:00'),(133,112,'l13','2004-12-22 00:00:00'),(134,104,'l13','2004-12-10 00:00:00'),(135,190,'l4','2004-11-28 00:00:00'),(136,78,'l12','2003-03-15 00:00:00'),(137,92,'l2','2003-03-03 00:00:00'),(138,122,'l12','2003-02-19 00:00:00'),(139,28,'l9','2003-02-07 00:00:00'),(140,116,'l4','2003-01-26 00:00:00'),(141,38,'l2','2003-01-14 00:00:00'),(142,200,'l11','2003-01-02 00:00:00'),(143,178,'l13','2002-12-21 00:00:00'),(144,54,'l6','2002-12-09 00:00:00'),(145,114,'l11','2002-11-27 00:00:00'),(146,68,'l7','2002-11-15 00:00:00'),(148,152,'l9','2002-10-22 00:00:00'),(149,42,'l1','2002-10-10 00:00:00'),(150,84,'l1','2002-09-28 00:00:00'),(151,190,'l11','2002-09-16 00:00:00'),(152,98,'l2','2002-09-04 00:00:00'),(153,200,'l12','2005-01-15 00:00:00'),(154,176,'l2','2005-01-03 00:00:00'),(155,76,'l12','2004-12-22 00:00:00'),(156,14,'l10','2004-12-10 00:00:00'),(157,186,'l4','2004-11-28 00:00:00'),(158,134,'l8','2003-03-15 00:00:00'),(159,74,'l8','2003-03-03 00:00:00'),(160,184,'l10','2003-02-19 00:00:00'),(161,168,'l9','2003-02-07 00:00:00'),(162,20,'l4','2003-01-26 00:00:00'),(163,112,'l13','2003-01-14 00:00:00'),(164,162,'l6','2003-01-02 00:00:00'),(165,98,'l9','2002-12-21 00:00:00'),(166,144,'l9','2002-12-09 00:00:00'),(167,42,'l6','2002-11-27 00:00:00'),(168,58,'l1','2002-11-15 00:00:00'),(169,44,'l5','2002-11-03 00:00:00'),(170,110,'l9','2002-10-22 00:00:00'),(171,180,'l6','2002-10-10 00:00:00'),(172,22,'l9','2002-09-28 00:00:00'),(173,54,'l7','2002-09-16 00:00:00'),(174,126,'l2','2002-09-04 00:00:00'),(175,14,'l5','2005-01-15 00:00:00'),(176,34,'l10','2005-01-03 00:00:00'),(177,24,'l8','2004-12-22 00:00:00'),(178,80,'l12','2004-12-10 00:00:00'),(179,128,'l9','2004-11-28 00:00:00'),(180,22,'l5','2003-03-15 00:00:00'),(181,112,'l13','2003-03-03 00:00:00'),(182,156,'l12','2003-02-19 00:00:00'),(183,152,'l7','2003-02-07 00:00:00'),(184,64,'l1','2003-01-26 00:00:00'),(185,48,'l13','2003-01-14 00:00:00'),(186,46,'l13','2003-01-02 00:00:00'),(187,80,'l6','2002-12-21 00:00:00'),(188,28,'l13','2002-12-09 00:00:00'),(189,48,'l9','2002-11-27 00:00:00'),(190,150,'l13','2002-11-15 00:00:00'),(191,106,'l3','2002-11-03 00:00:00'),(192,40,'l6','2002-10-22 00:00:00'),(193,14,'l1','2002-10-10 00:00:00'),(194,142,'l5','2002-09-28 00:00:00'),(195,136,'l3','2002-09-16 00:00:00'),(196,190,'l2','2002-09-04 00:00:00'),(197,106,'l8','2005-01-15 00:00:00'),(198,40,'l12','2005-01-03 00:00:00'),(199,114,'l11','2004-12-22 00:00:00'),(200,28,'l10','2004-12-10 00:00:00'),(201,64,'l11','2004-11-28 00:00:00'),(202,36,'l8','2005-01-15 00:00:00'),(203,196,'l5','2005-01-03 00:00:00'),(205,124,'l1','2004-12-10 00:00:00'),(206,108,'l10','2004-11-28 00:00:00'),(207,62,'l11','2004-11-16 00:00:00'),(208,108,'l5','2004-11-04 00:00:00'),(209,168,'l10','2004-10-23 00:00:00'),(210,156,'l6','2004-10-11 00:00:00'),(211,66,'l2','2004-09-29 00:00:00'),(212,88,'l5','2004-09-17 00:00:00'),(213,72,'l9','2004-09-05 00:00:00'),(214,148,'l4','2004-08-24 00:00:00'),(215,136,'l5','2004-08-12 00:00:00'),(216,104,'l13','2004-07-31 00:00:00'),(217,192,'l10','2004-07-19 00:00:00'),(218,174,'l1','2004-07-07 00:00:00'),(219,142,'l3','2004-06-25 00:00:00'),(220,128,'l10','2004-06-13 00:00:00'),(221,192,'l9','2004-06-01 00:00:00'),(222,166,'l12','2004-05-20 00:00:00'),(223,196,'l10','2004-05-08 00:00:00'),(224,148,'l11','2004-04-26 00:00:00'),(225,6,'l1','2004-04-14 00:00:00'),(226,86,'l7','2004-04-02 00:00:00'),(227,148,'l6','2004-03-21 00:00:00'),(228,48,'l7','2004-03-09 00:00:00'),(229,86,'l10','2004-02-26 00:00:00'),(230,176,'l4','2004-02-14 00:00:00'),(231,168,'l11','2004-02-02 00:00:00'),(232,186,'l12','2004-01-21 00:00:00'),(233,160,'l12','2004-01-09 00:00:00'),(234,92,'l9','2003-12-28 00:00:00'),(235,60,'l13','2003-12-16 00:00:00'),(236,12,'l2','2003-12-04 00:00:00'),(237,62,'l1','2003-11-22 00:00:00'),(238,94,'l1','2003-11-10 00:00:00'),(239,182,'l10','2003-10-29 00:00:00'),(240,122,'l3','2003-10-17 00:00:00'),(241,36,'l10','2003-10-05 00:00:00'),(242,176,'l11','2003-09-23 00:00:00'),(243,20,'l3','2003-09-11 00:00:00'),(244,164,'l7','2003-08-30 00:00:00'),(245,172,'l13','2003-08-18 00:00:00'),(246,72,'l10','2003-08-06 00:00:00'),(247,54,'l1','2003-07-25 00:00:00'),(248,4,'l5','2003-07-13 00:00:00'),(249,72,'l8','2003-07-01 00:00:00'),(250,182,'l12','2003-06-19 00:00:00'),(251,126,'l10','2003-06-07 00:00:00'),(252,94,'l4','2003-05-26 00:00:00'),(253,192,'l11','2003-05-14 00:00:00'),(255,184,'l5','2003-04-20 00:00:00'),(256,56,'l7','2003-04-08 00:00:00'),(257,140,'l4','2003-03-27 00:00:00'),(258,34,'l3','2003-03-15 00:00:00'),(259,106,'l12','2003-03-03 00:00:00'),(260,2,'l9','2003-02-19 00:00:00'),(261,88,'l13','2003-02-07 00:00:00'),(262,156,'l7','2003-01-26 00:00:00'),(263,156,'l10','2003-01-14 00:00:00'),(264,104,'l1','2003-01-02 00:00:00'),(265,188,'l1','2002-12-21 00:00:00'),(266,42,'l13','2002-12-09 00:00:00'),(267,34,'l6','2002-11-27 00:00:00'),(268,166,'l5','2002-11-15 00:00:00'),(269,70,'l5','2002-11-03 00:00:00'),(270,188,'l3','2002-10-22 00:00:00'),(271,194,'l7','2002-10-10 00:00:00'),(272,180,'l3','2002-09-28 00:00:00'),(273,138,'l3','2002-09-16 00:00:00'),(274,146,'l1','2002-09-04 00:00:00'),(275,144,'l4','2005-01-15 00:00:00'),(276,176,'l5','2005-01-03 00:00:00'),(277,192,'l5','2004-12-22 00:00:00'),(278,42,'l2','2004-12-10 00:00:00'),(279,68,'l6','2004-11-28 00:00:00'),(280,64,'l10','2004-11-16 00:00:00'),(281,11,'l4','2004-11-04 00:00:00'),(282,88,'l1','2004-10-23 00:00:00'),(283,98,'l6','2004-10-11 00:00:00'),(284,154,'l9','2004-09-29 00:00:00'),(285,24,'l9','2004-09-17 00:00:00'),(286,70,'l12','2004-09-05 00:00:00'),(287,28,'l2','2004-08-24 00:00:00'),(288,48,'l10','2004-08-12 00:00:00'),(289,144,'l3','2004-07-31 00:00:00'),(290,198,'l8','2004-07-19 00:00:00'),(291,72,'l8','2004-07-07 00:00:00'),(292,148,'l6','2004-06-25 00:00:00'),(293,100,'l5','2004-06-13 00:00:00'),(294,126,'l2','2004-06-01 00:00:00'),(295,184,'l8','2005-01-15 00:00:00'),(296,38,'l2','2005-01-03 00:00:00'),(297,144,'l7','2004-12-22 00:00:00'),(298,136,'l4','2004-12-10 00:00:00'),(299,70,'l5','2004-11-28 00:00:00'),(300,48,'l7','2004-11-16 00:00:00'),(301,56,'l13','2004-11-04 00:00:00'),(302,188,'l3','2004-10-23 00:00:00'),(303,68,'l11','2004-10-11 00:00:00'),(304,150,'l6','2004-09-29 00:00:00'),(305,74,'l1','2004-09-17 00:00:00'),(306,190,'l12','2004-09-05 00:00:00'),(307,76,'l1','2004-08-24 00:00:00'),(308,136,'l4','2004-08-12 00:00:00'),(309,28,'l7','2004-07-31 00:00:00'),(310,64,'l12','2004-07-19 00:00:00'),(311,68,'l2','2004-07-07 00:00:00'),(312,124,'l5','2004-06-25 00:00:00'),(313,160,'l10','2004-06-13 00:00:00'),(315,16,'l12','2003-03-15 00:00:00'),(316,108,'l7','2003-03-03 00:00:00'),(317,16,'l13','2003-02-19 00:00:00'),(318,6,'l10','2003-02-07 00:00:00'),(319,110,'l3','2003-01-26 00:00:00'),(320,64,'l13','2003-01-14 00:00:00'),(321,138,'l4','2003-01-02 00:00:00'),(322,70,'l13','2002-12-21 00:00:00'),(323,4,'l2','2002-12-09 00:00:00'),(324,40,'l6','2002-11-27 00:00:00'),(325,146,'l11','2002-11-15 00:00:00'),(326,84,'l3','2002-11-03 00:00:00'),(327,64,'l10','2002-10-22 00:00:00'),(328,106,'l6','2002-10-10 00:00:00'),(329,90,'l12','2002-09-28 00:00:00'),(330,8,'l1','2002-09-16 00:00:00'),(331,196,'l7','2002-09-04 00:00:00'),(332,102,'l13','2005-01-15 00:00:00'),(333,94,'l4','2005-01-03 00:00:00'),(334,48,'l3','2004-12-22 00:00:00'),(335,166,'l3','2004-12-10 00:00:00'),(336,150,'l12','2004-11-28 00:00:00'),(337,198,'l5','2003-03-15 00:00:00'),(338,154,'l5','2003-03-03 00:00:00'),(339,16,'l3','2003-02-19 00:00:00'),(340,100,'l13','2003-02-07 00:00:00'),(341,182,'l3','2003-01-26 00:00:00'),(342,120,'l3','2003-01-14 00:00:00'),(343,126,'l6','2003-01-02 00:00:00'),(344,80,'l4','2002-12-21 00:00:00'),(345,168,'l11','2002-12-09 00:00:00'),(346,22,'l1','2002-11-27 00:00:00'),(347,188,'l1','2002-11-15 00:00:00'),(348,152,'l12','2002-11-03 00:00:00'),(349,126,'l4','2002-10-22 00:00:00'),(350,68,'l1','2002-10-10 00:00:00'),(351,60,'l12','2002-09-28 00:00:00'),(352,162,'l12','2002-09-16 00:00:00'),(353,54,'l8','2002-09-04 00:00:00'),(354,138,'l11','2005-01-15 00:00:00'),(355,46,'l2','2005-01-03 00:00:00'),(356,70,'l11','2004-12-22 00:00:00'),(357,130,'l9','2004-12-10 00:00:00'),(358,6,'l2','2004-11-28 00:00:00'),(359,102,'l13','2004-11-16 00:00:00'),(360,136,'l4','2004-11-04 00:00:00'),(361,4,'l6','2004-10-23 00:00:00'),(362,140,'l11','2004-10-11 00:00:00'),(363,18,'l10','2004-09-29 00:00:00'),(364,148,'l13','2004-09-17 00:00:00'),(365,164,'l1','2004-09-05 00:00:00'),(366,78,'l9','2004-08-24 00:00:00'),(367,182,'l5','2004-08-12 00:00:00'),(368,80,'l2','2004-07-31 00:00:00'),(369,150,'l7','2004-07-19 00:00:00'),(370,164,'l3','2004-07-07 00:00:00'),(371,92,'l8','2004-06-25 00:00:00'),(373,150,'l11','2004-06-01 00:00:00'),(374,8,'l4','2004-05-20 00:00:00'),(375,146,'l11','2004-05-08 00:00:00'),(376,164,'l6','2004-04-26 00:00:00'),(377,4,'l4','2004-04-14 00:00:00'),(378,166,'l4','2004-04-02 00:00:00'),(379,84,'l4','2004-03-21 00:00:00'),(380,178,'l12','2004-03-09 00:00:00'),(381,158,'l8','2004-02-26 00:00:00'),(382,132,'l9','2004-02-14 00:00:00'),(383,200,'l5','2004-02-02 00:00:00'),(384,188,'l11','2004-01-21 00:00:00'),(385,120,'l10','2004-01-09 00:00:00'),(386,16,'l7','2003-12-28 00:00:00'),(387,60,'l7','2003-12-16 00:00:00'),(388,104,'l3','2003-12-04 00:00:00'),(389,96,'l13','2003-11-22 00:00:00'),(390,54,'l13','2003-11-10 00:00:00'),(391,90,'l3','2003-10-29 00:00:00'),(392,190,'l2','2003-10-17 00:00:00'),(393,88,'l9','2003-10-05 00:00:00'),(394,66,'l6','2003-09-23 00:00:00'),(395,70,'l13','2003-09-11 00:00:00'),(396,120,'l1','2003-08-30 00:00:00'),(397,158,'l5','2003-08-18 00:00:00'),(398,60,'l9','2003-08-06 00:00:00'),(399,2,'l2','2003-07-25 00:00:00'),(400,102,'l4','2003-07-13 00:00:00'),(401,196,'l8','2003-07-01 00:00:00'),(402,134,'l9','2003-06-19 00:00:00'),(403,162,'l7','2003-06-07 00:00:00'),(404,164,'l6','2003-05-26 00:00:00'),(405,116,'l2','2003-05-14 00:00:00'),(406,38,'l8','2003-05-02 00:00:00'),(407,78,'l11','2003-04-20 00:00:00'),(408,142,'l8','2003-04-08 00:00:00'),(409,42,'l4','2003-03-27 00:00:00'),(410,110,'l13','2003-03-15 00:00:00'),(411,6,'l7','2003-03-03 00:00:00'),(412,62,'l2','2003-02-19 00:00:00'),(413,4,'l10','2003-02-07 00:00:00'),(414,88,'l2','2003-01-26 00:00:00'),(415,80,'l9','2003-01-14 00:00:00'),(416,10,'l6','2003-01-02 00:00:00'),(417,136,'l7','2002-12-21 00:00:00'),(418,10,'l4','2002-12-09 00:00:00'),(419,188,'l4','2002-11-27 00:00:00'),(420,44,'l6','2002-11-15 00:00:00'),(421,106,'l12','2002-11-03 00:00:00'),(422,32,'l5','2002-10-22 00:00:00'),(423,194,'l9','2002-10-10 00:00:00'),(424,138,'l13','2002-09-28 00:00:00'),(425,8,'l7','2002-09-16 00:00:00'),(426,42,'l12','2002-09-04 00:00:00'),(427,78,'l5','2005-01-15 00:00:00'),(428,146,'l3','2005-01-03 00:00:00'),(429,28,'l4','2004-12-22 00:00:00'),(430,192,'l2','2004-12-10 00:00:00'),(431,180,'l3','2004-11-28 00:00:00'),(432,10,'l9','2004-11-16 00:00:00'),(433,116,'l5','2004-11-04 00:00:00'),(434,22,'l10','2004-10-23 00:00:00'),(435,148,'l2','2004-10-11 00:00:00'),(436,134,'l5','2004-09-29 00:00:00'),(437,182,'l7','2004-09-17 00:00:00'),(438,130,'l8','2004-09-05 00:00:00'),(439,16,'l11','2004-08-24 00:00:00'),(440,40,'l13','2004-08-12 00:00:00'),(441,156,'l9','2004-07-31 00:00:00'),(442,50,'l11','2004-07-19 00:00:00'),(443,176,'l3','2004-07-07 00:00:00'),(444,30,'l1','2004-06-25 00:00:00'),(445,150,'l3','2004-06-13 00:00:00'),(446,94,'l11','2004-06-01 00:00:00'),(447,148,'l7','2005-01-15 00:00:00'),(448,136,'l8','2005-01-03 00:00:00'),(449,16,'l6','2004-12-22 00:00:00'),(450,22,'l5','2004-12-10 00:00:00'),(451,152,'l4','2004-11-28 00:00:00'),(452,190,'l4','2004-11-16 00:00:00'),(453,190,'l1','2004-11-04 00:00:00'),(454,66,'l4','2004-10-23 00:00:00'),(455,102,'l4','2004-10-11 00:00:00'),(456,6,'l5','2004-09-29 00:00:00'),(457,196,'l5','2004-09-17 00:00:00'),(458,144,'l7','2004-09-05 00:00:00'),(459,32,'l13','2004-08-24 00:00:00'),(460,2,'l5','2004-08-12 00:00:00'),(461,26,'l4','2004-07-31 00:00:00'),(462,12,'l4','2004-07-19 00:00:00'),(463,18,'l10','2004-07-07 00:00:00'),(464,36,'l11','2004-06-25 00:00:00'),(465,8,'l4','2004-06-13 00:00:00'),(466,18,'l3','2004-06-01 00:00:00'),(467,74,'l12','2003-03-15 00:00:00'),(468,128,'l12','2003-03-03 00:00:00'),(469,32,'l13','2003-02-19 00:00:00'),(470,76,'l11','2003-02-07 00:00:00'),(471,48,'l13','2003-01-26 00:00:00'),(472,114,'l13','2003-01-14 00:00:00'),(473,138,'l1','2003-01-02 00:00:00'),(474,104,'l9','2002-12-21 00:00:00'),(475,38,'l13','2002-12-09 00:00:00'),(476,82,'l5','2002-11-27 00:00:00'),(478,188,'l2','2002-11-03 00:00:00'),(479,122,'l3','2002-10-22 00:00:00'),(480,148,'l2','2002-10-10 00:00:00'),(481,22,'l7','2002-09-28 00:00:00'),(482,32,'l1','2002-09-16 00:00:00'),(483,88,'l7','2002-09-04 00:00:00'),(484,56,'l11','2005-01-15 00:00:00'),(485,56,'l7','2005-01-03 00:00:00'),(486,148,'l10','2004-12-22 00:00:00'),(487,90,'l1','2004-12-10 00:00:00'),(488,64,'l11','2004-11-28 00:00:00'),(489,124,'l1','2003-03-15 00:00:00'),(490,200,'l4','2003-03-03 00:00:00'),(491,66,'l4','2003-02-19 00:00:00'),(492,134,'l3','2003-02-07 00:00:00'),(493,140,'l11','2003-01-26 00:00:00'),(494,4,'l12','2003-01-14 00:00:00'),(495,138,'l1','2003-01-02 00:00:00'),(496,28,'l2','2002-12-21 00:00:00'),(497,138,'l9','2002-12-09 00:00:00'),(498,6,'l1','2005-01-15 00:00:00'),(499,136,'l9','2005-01-03 00:00:00'),(500,12,'l3','2004-12-22 00:00:00'),(501,188,'l3','2004-12-10 00:00:00'),(502,32,'l1','2004-11-28 00:00:00'),(504,6,'l10','2004-11-04 00:00:00'),(505,40,'l1','2004-10-23 00:00:00'),(506,44,'l8','2004-10-11 00:00:00'),(507,200,'l2','2004-09-29 00:00:00'),(508,22,'l1','2004-09-17 00:00:00'),(509,92,'l4','2004-09-05 00:00:00'),(510,46,'l13','2004-08-24 00:00:00'),(511,102,'l6','2004-08-12 00:00:00'),(512,166,'l1','2004-07-31 00:00:00'),(513,190,'l9','2004-07-19 00:00:00'),(514,142,'l6','2004-07-07 00:00:00'),(515,32,'l13','2004-06-25 00:00:00'),(516,196,'l12','2004-06-13 00:00:00'),(517,60,'l2','2004-06-01 00:00:00'),(518,62,'l2','2004-05-20 00:00:00'),(519,90,'l1','2004-05-08 00:00:00'),(520,68,'l7','2004-04-26 00:00:00'),(521,192,'l13','2004-04-14 00:00:00'),(522,70,'l3','2004-04-02 00:00:00'),(523,192,'l4','2004-03-21 00:00:00'),(525,74,'l11','2004-02-26 00:00:00'),(526,186,'l11','2004-02-14 00:00:00'),(527,64,'l11','2004-02-02 00:00:00'),(528,80,'l4','2004-01-21 00:00:00'),(529,60,'l7','2004-01-09 00:00:00'),(530,96,'l6','2003-12-28 00:00:00'),(531,16,'l3','2003-12-16 00:00:00'),(532,20,'l2','2003-12-04 00:00:00'),(533,36,'l2','2003-11-22 00:00:00'),(534,174,'l2','2003-11-10 00:00:00'),(535,148,'l2','2003-10-29 00:00:00'),(536,42,'l6','2003-10-17 00:00:00'),(537,140,'l13','2003-10-05 00:00:00'),(538,168,'l1','2003-09-23 00:00:00'),(539,12,'l13','2003-09-11 00:00:00'),(540,32,'l4','2003-08-30 00:00:00'),(541,126,'l13','2003-08-18 00:00:00'),(542,48,'l5','2003-08-06 00:00:00'),(543,96,'l9','2003-07-25 00:00:00'),(544,68,'l7','2003-07-13 00:00:00'),(545,26,'l4','2003-07-01 00:00:00'),(546,106,'l10','2003-06-19 00:00:00'),(547,24,'l4','2003-06-07 00:00:00'),(548,16,'l10','2003-05-26 00:00:00'),(549,26,'l2','2003-05-14 00:00:00'),(550,108,'l11','2003-05-02 00:00:00'),(551,196,'l5','2003-04-20 00:00:00'),(552,194,'l8','2003-04-08 00:00:00'),(553,80,'l7','2003-03-27 00:00:00'),(554,156,'l1','2003-03-15 00:00:00'),(555,140,'l1','2003-03-03 00:00:00'),(556,16,'l2','2003-02-19 00:00:00'),(557,40,'l9','2003-02-07 00:00:00'),(558,170,'l11','2003-01-26 00:00:00'),(559,162,'l3','2003-01-14 00:00:00'),(560,182,'l13','2003-01-02 00:00:00'),(561,134,'l5','2002-12-21 00:00:00'),(562,8,'l6','2002-12-09 00:00:00'),(564,168,'l12','2002-11-15 00:00:00'),(565,148,'l7','2002-11-03 00:00:00'),(566,54,'l6','2002-10-22 00:00:00'),(567,32,'l12','2002-10-10 00:00:00'),(568,94,'l3','2002-09-28 00:00:00'),(569,14,'l12','2002-09-16 00:00:00'),(570,44,'l2','2002-09-04 00:00:00'),(571,172,'l1','2005-01-15 00:00:00'),(572,34,'l4','2005-01-03 00:00:00'),(573,76,'l13','2004-12-22 00:00:00'),(574,182,'l3','2004-12-10 00:00:00'),(575,100,'l8','2004-11-28 00:00:00'),(576,148,'l13','2004-11-16 00:00:00'),(577,28,'l4','2004-11-04 00:00:00'),(578,174,'l13','2004-10-23 00:00:00'),(579,186,'l1','2004-10-11 00:00:00'),(580,78,'l3','2004-09-29 00:00:00'),(581,32,'l4','2004-09-17 00:00:00'),(582,140,'l12','2004-09-05 00:00:00'),(583,94,'l9','2004-08-24 00:00:00'),(584,150,'l10','2004-08-12 00:00:00'),(585,168,'l13','2004-07-31 00:00:00'),(586,30,'l11','2004-07-19 00:00:00'),(587,112,'l7','2004-07-07 00:00:00'),(588,62,'l7','2004-06-25 00:00:00'),(589,80,'l4','2004-06-13 00:00:00'),(590,156,'l6','2004-06-01 00:00:00'),(591,120,'l5','2005-01-15 00:00:00'),(592,116,'l7','2005-01-03 00:00:00'),(593,86,'l10','2004-12-22 00:00:00'),(594,106,'l11','2004-12-10 00:00:00'),(595,134,'l8','2004-11-28 00:00:00'),(596,198,'l12','2004-11-16 00:00:00'),(597,28,'l1','2004-11-04 00:00:00'),(598,38,'l11','2004-10-23 00:00:00'),(599,126,'l5','2004-10-11 00:00:00'),(600,78,'l2','2004-09-29 00:00:00'),(601,20,'l12','2004-09-17 00:00:00'),(602,12,'l8','2004-09-05 00:00:00'),(603,154,'l6','2004-08-24 00:00:00'),(604,66,'l13','2004-08-12 00:00:00'),(605,48,'l12','2004-07-31 00:00:00'),(606,200,'l2','2004-07-19 00:00:00'),(608,78,'l11','2004-06-25 00:00:00'),(609,132,'l4','2004-06-13 00:00:00'),(610,20,'l9','2004-06-01 00:00:00'),(611,84,'l13','2003-03-15 00:00:00'),(612,188,'l9','2003-03-03 00:00:00'),(613,8,'l7','2003-02-19 00:00:00'),(614,104,'l9','2003-02-07 00:00:00'),(615,30,'l1','2003-01-26 00:00:00'),(616,150,'l2','2003-01-14 00:00:00'),(617,124,'l12','2003-01-02 00:00:00'),(618,70,'l1','2002-12-21 00:00:00'),(619,92,'l5','2002-12-09 00:00:00'),(620,152,'l2','2002-11-27 00:00:00'),(621,14,'l12','2002-11-15 00:00:00'),(622,72,'l6','2002-11-03 00:00:00'),(623,86,'l8','2002-10-22 00:00:00'),(624,102,'l9','2002-10-10 00:00:00'),(625,72,'l10','2002-09-28 00:00:00'),(626,88,'l9','2002-09-16 00:00:00'),(627,18,'l3','2002-09-04 00:00:00'),(628,108,'l7','2005-01-15 00:00:00'),(629,122,'l7','2005-01-03 00:00:00'),(630,2,'l1','2004-12-22 00:00:00'),(631,108,'l1','2004-12-10 00:00:00'),(632,116,'l4','2004-11-28 00:00:00'),(633,118,'l11','2003-03-15 00:00:00'),(634,118,'l7','2003-03-03 00:00:00'),(635,74,'l11','2003-02-19 00:00:00'),(636,8,'l11','2003-02-07 00:00:00'),(637,112,'l4','2003-01-26 00:00:00'),(638,174,'l3','2003-01-14 00:00:00'),(639,22,'l13','2003-01-02 00:00:00'),(640,182,'l4','2002-12-21 00:00:00'),(641,40,'l7','2002-12-09 00:00:00'),(642,98,'l4','2002-11-27 00:00:00'),(643,116,'l11','2002-11-15 00:00:00'),(644,154,'l9','2002-11-03 00:00:00'),(645,84,'l2','2002-10-22 00:00:00'),(646,104,'l3','2002-10-10 00:00:00'),(647,178,'l2','2002-09-28 00:00:00'),(648,178,'l13','2002-09-16 00:00:00'),(649,22,'l8','2002-09-04 00:00:00'),(650,186,'l10','2005-01-15 00:00:00'),(651,8,'l8','2005-01-03 00:00:00'),(652,50,'l8','2004-12-22 00:00:00'),(653,172,'l9','2004-12-10 00:00:00'),(654,62,'l7','2004-11-28 00:00:00'),(655,174,'l5','2003-03-15 00:00:00'),(656,188,'l5','2003-03-03 00:00:00'),(657,10,'l2','2003-02-19 00:00:00'),(658,4,'l12','2003-02-07 00:00:00'),(659,18,'l1','2003-01-26 00:00:00'),(660,170,'l12','2003-01-14 00:00:00'),(661,116,'l3','2003-01-02 00:00:00'),(662,2,'l5','2002-12-21 00:00:00'),(663,76,'l3','2002-12-09 00:00:00'),(664,12,'l5','2002-11-27 00:00:00'),(665,70,'l10','2002-11-15 00:00:00'),(666,126,'l7','2002-11-03 00:00:00'),(667,122,'l2','2002-10-22 00:00:00'),(668,188,'l12','2002-10-10 00:00:00'),(669,90,'l13','2002-09-28 00:00:00'),(670,42,'l4','2002-09-16 00:00:00'),(671,46,'l3','2002-09-04 00:00:00'),(672,98,'l13','2005-01-15 00:00:00'),(673,192,'l3','2005-01-03 00:00:00'),(674,88,'l7','2004-12-22 00:00:00'),(675,44,'l13','2004-12-10 00:00:00'),(676,32,'l3','2004-11-28 00:00:00'),(677,26,'l3','2003-03-15 00:00:00'),(678,6,'l9','2003-03-03 00:00:00'),(679,130,'l3','2003-02-19 00:00:00'),(680,118,'l5','2003-02-07 00:00:00'),(681,50,'l3','2003-01-26 00:00:00'),(682,18,'l6','2003-01-14 00:00:00'),(683,80,'l11','2003-01-02 00:00:00'),(684,16,'l3','2002-12-21 00:00:00'),(685,142,'l9','2002-12-09 00:00:00'),(686,114,'l11','2002-11-27 00:00:00'),(687,6,'l3','2002-11-15 00:00:00'),(688,64,'l1','2002-11-03 00:00:00'),(689,24,'l13','2002-10-22 00:00:00'),(690,90,'l4','2002-10-10 00:00:00'),(691,122,'l10','2002-09-28 00:00:00'),(692,120,'l1','2005-01-15 00:00:00'),(693,26,'l5','2005-01-03 00:00:00'),(694,28,'l1','2004-12-22 00:00:00'),(695,124,'l11','2004-12-10 00:00:00'),(696,160,'l8','2004-11-28 00:00:00'),(697,122,'l5','2004-11-16 00:00:00'),(698,40,'l5','2004-11-04 00:00:00'),(699,68,'l12','2004-10-23 00:00:00'),(700,84,'l9','2004-10-11 00:00:00'),(701,46,'l11','2004-09-29 00:00:00'),(702,102,'l12','2004-09-17 00:00:00'),(703,120,'l3','2004-09-05 00:00:00'),(704,182,'l11','2004-08-24 00:00:00'),(705,96,'l3','2004-08-12 00:00:00'),(706,126,'l4','2004-07-31 00:00:00'),(707,60,'l7','2004-07-19 00:00:00'),(708,152,'l3','2004-07-07 00:00:00'),(709,104,'l7','2004-06-25 00:00:00'),(710,190,'l4','2004-06-13 00:00:00'),(711,164,'l3','2004-06-01 00:00:00'),(712,132,'l9','2004-05-20 00:00:00'),(713,40,'l7','2004-05-08 00:00:00'),(714,96,'l3','2004-04-26 00:00:00'),(715,50,'l1','2004-04-14 00:00:00'),(716,152,'l1','2004-04-02 00:00:00'),(717,130,'l7','2004-03-21 00:00:00'),(718,10,'l10','2004-03-09 00:00:00'),(719,34,'l12','2004-02-26 00:00:00'),(720,116,'l10','2004-02-14 00:00:00'),(721,70,'l10','2004-02-02 00:00:00'),(722,196,'l13','2004-01-21 00:00:00'),(723,96,'l7','2004-01-09 00:00:00'),(724,78,'l2','2003-12-28 00:00:00'),(725,168,'l6','2003-12-16 00:00:00'),(726,74,'l7','2003-12-04 00:00:00'),(727,192,'l9','2003-11-22 00:00:00'),(728,142,'l11','2003-11-10 00:00:00'),(729,18,'l2','2003-10-29 00:00:00'),(730,114,'l13','2003-10-17 00:00:00'),(731,38,'l12','2003-10-05 00:00:00'),(732,176,'l2','2003-09-23 00:00:00'),(733,110,'l7','2003-09-11 00:00:00'),(734,22,'l10','2003-08-30 00:00:00'),(735,130,'l7','2003-08-18 00:00:00'),(736,160,'l3','2003-08-06 00:00:00'),(737,188,'l7','2003-07-25 00:00:00'),(738,190,'l10','2003-07-13 00:00:00'),(739,132,'l1','2003-07-01 00:00:00'),(740,100,'l2','2003-06-19 00:00:00'),(741,194,'l7','2003-06-07 00:00:00'),(742,178,'l6','2003-05-26 00:00:00'),(743,54,'l7','2003-05-14 00:00:00'),(744,166,'l12','2003-05-02 00:00:00'),(745,50,'l3','2003-04-20 00:00:00'),(746,152,'l4','2003-04-08 00:00:00'),(747,122,'l7','2003-03-27 00:00:00'),(748,8,'l4','2003-03-15 00:00:00'),(749,128,'l10','2003-03-03 00:00:00'),(750,92,'l3','2003-02-19 00:00:00'),(751,72,'l12','2003-02-07 00:00:00'),(752,176,'l6','2003-01-26 00:00:00'),(753,56,'l4','2003-01-14 00:00:00'),(754,174,'l12','2003-01-02 00:00:00'),(755,32,'l2','2002-12-21 00:00:00'),(756,180,'l12','2002-12-09 00:00:00'),(757,48,'l11','2002-11-27 00:00:00'),(758,156,'l3','2002-11-15 00:00:00'),(759,166,'l2','2002-11-03 00:00:00'),(760,112,'l6','2002-10-22 00:00:00'),(761,148,'l11','2002-10-10 00:00:00'),(762,82,'l3','2002-09-28 00:00:00'),(763,140,'l4','2002-09-16 00:00:00'),(764,126,'l1','2002-09-04 00:00:00'),(765,96,'l1','2005-01-15 00:00:00'),(766,8,'l9','2005-01-03 00:00:00'),(767,70,'l7','2004-12-22 00:00:00'),(768,38,'l1','2004-12-10 00:00:00'),(769,164,'l10','2004-11-28 00:00:00'),(770,156,'l9','2004-11-16 00:00:00'),(771,194,'l1','2004-11-04 00:00:00'),(772,164,'l7','2004-10-23 00:00:00'),(773,122,'l12','2004-10-11 00:00:00'),(774,28,'l12','2004-09-29 00:00:00'),(775,104,'l13','2004-09-17 00:00:00'),(776,36,'l9','2004-09-05 00:00:00'),(777,104,'l3','2004-08-24 00:00:00'),(778,88,'l5','2004-08-12 00:00:00'),(779,116,'l6','2004-07-31 00:00:00'),(780,198,'l3','2004-07-19 00:00:00'),(781,8,'l11','2004-07-07 00:00:00'),(782,116,'l13','2004-06-25 00:00:00'),(783,82,'l3','2004-06-13 00:00:00'),(784,192,'l1','2004-06-01 00:00:00'),(785,52,'l13','2005-01-15 00:00:00'),(786,66,'l2','2005-01-03 00:00:00'),(787,68,'l10','2004-12-22 00:00:00'),(788,2,'l9','2004-12-10 00:00:00'),(789,44,'l3','2004-11-28 00:00:00'),(790,80,'l6','2004-11-16 00:00:00'),(791,28,'l3','2004-11-04 00:00:00'),(792,180,'l10','2004-10-23 00:00:00'),(793,138,'l10','2004-10-11 00:00:00'),(794,172,'l2','2004-09-29 00:00:00'),(795,186,'l7','2004-09-17 00:00:00'),(796,26,'l2','2004-09-05 00:00:00'),(797,14,'l4','2004-08-24 00:00:00'),(798,172,'l4','2004-08-12 00:00:00'),(799,94,'l3','2004-07-31 00:00:00'),(800,24,'l2','2004-07-19 00:00:00'),(801,60,'l10','2004-07-07 00:00:00'),(802,176,'l2','2004-06-25 00:00:00'),(803,44,'l4','2004-06-13 00:00:00'),(804,96,'l9','2004-06-01 00:00:00'),(805,142,'l4','2003-03-15 00:00:00'),(806,20,'l1','2003-03-03 00:00:00'),(807,114,'l13','2003-02-19 00:00:00'),(808,144,'l6','2003-02-07 00:00:00'),(809,114,'l7','2003-01-26 00:00:00'),(810,106,'l9','2003-01-14 00:00:00'),(811,54,'l1','2003-01-02 00:00:00'),(812,74,'l7','2002-12-21 00:00:00'),(813,56,'l2','2002-12-09 00:00:00'),(814,180,'l2','2002-11-27 00:00:00'),(815,22,'l4','2002-11-15 00:00:00'),(816,144,'l6','2002-11-03 00:00:00'),(817,180,'l10','2002-10-22 00:00:00'),(818,150,'l2','2002-10-10 00:00:00'),(819,56,'l8','2002-09-28 00:00:00'),(820,66,'l2','2002-09-16 00:00:00'),(821,150,'l11','2002-09-04 00:00:00'),(822,32,'l6','2005-01-15 00:00:00'),(823,26,'l8','2005-01-03 00:00:00'),(824,132,'l4','2004-12-22 00:00:00'),(825,42,'l1','2004-12-10 00:00:00'),(826,84,'l13','2004-11-28 00:00:00'),(827,96,'l4','2003-03-15 00:00:00'),(828,198,'l12','2003-03-03 00:00:00'),(829,140,'l9','2003-02-19 00:00:00'),(830,70,'l6','2003-02-07 00:00:00'),(831,50,'l11','2003-01-26 00:00:00'),(832,14,'l8','2003-01-14 00:00:00'),(833,44,'l13','2003-01-02 00:00:00'),(834,160,'l12','2002-12-21 00:00:00'),(835,172,'l8','2002-12-09 00:00:00'),(836,132,'l5','2002-11-27 00:00:00'),(838,148,'l6','2002-11-03 00:00:00'),(839,180,'l12','2002-10-22 00:00:00'),(840,70,'l7','2002-10-10 00:00:00'),(841,150,'l9','2002-09-28 00:00:00'),(842,124,'l9','2002-09-16 00:00:00'),(843,72,'l11','2002-09-04 00:00:00'),(844,12,'l8','2005-01-15 00:00:00'),(845,130,'l12','2005-01-03 00:00:00'),(846,2,'l11','2004-12-22 00:00:00'),(847,100,'l2','2004-12-10 00:00:00'),(848,110,'l13','2004-11-28 00:00:00'),(849,166,'l13','2003-03-15 00:00:00'),(850,160,'l4','2003-03-03 00:00:00'),(851,132,'l1','2003-02-19 00:00:00'),(852,26,'l11','2003-02-07 00:00:00'),(853,82,'l5','2003-01-26 00:00:00'),(854,90,'l4','2003-01-14 00:00:00'),(855,134,'l8','2003-01-02 00:00:00'),(856,14,'l9','2002-12-21 00:00:00'),(857,6,'l6','2002-12-09 00:00:00'),(858,36,'l6','2002-11-27 00:00:00'),(859,80,'l8','2002-11-15 00:00:00'),(860,120,'l7','2002-11-03 00:00:00'),(861,194,'l3','2002-10-22 00:00:00'),(862,8,'l7','2002-10-10 00:00:00'),(863,160,'l11','2002-09-28 00:00:00'),(864,104,'l2','2002-09-16 00:00:00'),(865,46,'l9','2002-09-04 00:00:00'),(866,44,'l11','2005-01-15 00:00:00'),(867,42,'l9','2005-01-03 00:00:00'),(868,180,'l7','2004-12-22 00:00:00'),(869,124,'l7','2004-12-10 00:00:00'),(870,42,'l6','2004-11-28 00:00:00'),(871,76,'l9','2003-03-15 00:00:00'),(872,128,'l3','2003-03-03 00:00:00'),(873,16,'l12','2003-02-19 00:00:00'),(874,46,'l3','2003-02-07 00:00:00'),(875,46,'l10','2003-01-26 00:00:00'),(876,38,'l9','2003-01-14 00:00:00'),(877,194,'l8','2003-01-02 00:00:00'),(878,72,'l12','2002-12-21 00:00:00'),(879,126,'l4','2002-12-09 00:00:00'),(880,182,'l8','2002-11-27 00:00:00'),(881,198,'l13','2002-11-15 00:00:00'),(883,10,'l6','2002-10-22 00:00:00'),(884,118,'l4','2002-10-10 00:00:00'),(885,98,'l9','2002-09-28 00:00:00'),(886,4,'l1','2002-09-16 00:00:00'),(887,4,'l2','2002-09-04 00:00:00'),(888,64,'l12','2005-01-15 00:00:00'),(889,32,'l3','2005-01-03 00:00:00'),(890,190,'l9','2004-12-22 00:00:00'),(891,96,'l6','2004-12-10 00:00:00'),(892,134,'l11','2004-11-28 00:00:00'),(893,48,'l5','2005-01-15 00:00:00'),(894,160,'l11','2005-01-03 00:00:00'),(895,12,'l9','2004-12-22 00:00:00'),(896,154,'l8','2004-12-10 00:00:00'),(897,24,'l4','2004-11-28 00:00:00'),(898,78,'l1','2004-11-16 00:00:00'),(899,46,'l8','2004-11-04 00:00:00'),(900,24,'l12','2004-10-23 00:00:00'),(901,42,'l4','2004-10-11 00:00:00'),(902,50,'l2','2004-09-29 00:00:00'),(903,22,'l10','2004-09-17 00:00:00'),(904,14,'l1','2004-09-05 00:00:00'),(905,164,'l3','2004-08-24 00:00:00'),(906,126,'l2','2004-08-12 00:00:00'),(907,90,'l12','2004-07-31 00:00:00'),(908,68,'l13','2004-07-19 00:00:00'),(909,192,'l2','2004-07-07 00:00:00'),(910,78,'l5','2004-06-25 00:00:00'),(911,36,'l1','2004-06-13 00:00:00'),(912,180,'l8','2004-06-01 00:00:00'),(913,18,'l10','2004-05-20 00:00:00'),(914,150,'l13','2004-05-08 00:00:00'),(915,136,'l5','2004-04-26 00:00:00'),(916,8,'l13','2004-04-14 00:00:00'),(917,78,'l5','2004-04-02 00:00:00'),(918,30,'l2','2004-03-21 00:00:00'),(919,20,'l9','2004-03-09 00:00:00'),(920,128,'l2','2004-02-26 00:00:00'),(921,148,'l7','2004-02-14 00:00:00'),(922,126,'l4','2004-02-02 00:00:00'),(923,116,'l5','2004-01-21 00:00:00'),(924,142,'l1','2004-01-09 00:00:00'),(925,46,'l10','2003-12-28 00:00:00'),(926,32,'l1','2003-12-16 00:00:00'),(927,52,'l8','2003-12-04 00:00:00'),(928,78,'l7','2003-11-22 00:00:00'),(929,142,'l13','2003-11-10 00:00:00'),(930,114,'l12','2003-10-29 00:00:00'),(931,36,'l9','2003-10-17 00:00:00'),(932,168,'l3','2003-10-05 00:00:00'),(933,122,'l11','2003-09-23 00:00:00'),(934,114,'l5','2003-09-11 00:00:00'),(935,28,'l13','2003-08-30 00:00:00'),(936,30,'l2','2003-08-18 00:00:00'),(937,136,'l12','2003-08-06 00:00:00'),(938,6,'l1','2003-07-25 00:00:00'),(939,118,'l11','2003-07-13 00:00:00'),(940,8,'l11','2003-07-01 00:00:00'),(941,154,'l4','2003-06-19 00:00:00'),(942,146,'l10','2003-06-07 00:00:00'),(943,170,'l7','2003-05-26 00:00:00'),(944,96,'l2','2003-05-14 00:00:00'),(945,162,'l11','2003-05-02 00:00:00'),(946,78,'l6','2003-04-20 00:00:00'),(947,26,'l6','2003-04-08 00:00:00'),(948,48,'l11','2003-03-27 00:00:00'),(949,194,'l9','2003-03-15 00:00:00'),(950,120,'l5','2003-03-03 00:00:00'),(951,158,'l1','2003-02-19 00:00:00'),(952,54,'l10','2003-02-07 00:00:00'),(953,20,'l5','2003-01-26 00:00:00'),(954,172,'l4','2003-01-14 00:00:00'),(955,122,'l11','2003-01-02 00:00:00'),(956,54,'l12','2002-12-21 00:00:00'),(957,48,'l10','2002-12-09 00:00:00'),(958,130,'l8','2002-11-27 00:00:00'),(959,184,'l10','2002-11-15 00:00:00'),(960,174,'l7','2002-11-03 00:00:00'),(961,190,'l10','2002-10-22 00:00:00'),(962,110,'l11','2002-10-10 00:00:00'),(963,32,'l9','2002-09-28 00:00:00'),(964,18,'l13','2002-09-16 00:00:00'),(965,106,'l10','2002-09-04 00:00:00'),(966,6,'l10','2005-01-15 00:00:00'),(967,164,'l7','2005-01-03 00:00:00'),(968,88,'l8','2004-12-22 00:00:00'),(969,54,'l3','2004-12-10 00:00:00'),(970,92,'l13','2004-11-28 00:00:00'),(971,54,'l9','2004-11-16 00:00:00'),(972,158,'l1','2004-11-04 00:00:00'),(973,114,'l13','2004-10-23 00:00:00'),(974,92,'l6','2004-10-11 00:00:00'),(975,166,'l5','2004-09-29 00:00:00'),(976,182,'l1','2004-09-17 00:00:00'),(977,44,'l3','2004-09-05 00:00:00'),(978,158,'l1','2004-08-24 00:00:00'),(979,118,'l1','2004-08-12 00:00:00'),(980,8,'l9','2004-07-31 00:00:00'),(981,78,'l2','2004-07-19 00:00:00'),(982,84,'l8','2004-07-07 00:00:00'),(983,134,'l11','2004-06-25 00:00:00'),(984,62,'l13','2004-06-13 00:00:00'),(985,28,'l2','2004-06-01 00:00:00'),(986,88,'l12','2005-01-15 00:00:00'),(987,198,'l11','2005-01-03 00:00:00'),(988,30,'l5','2004-12-22 00:00:00'),(989,198,'l8','2004-12-10 00:00:00'),(990,132,'l6','2004-11-28 00:00:00'),(991,158,'l6','2004-11-16 00:00:00'),(992,132,'l3','2004-11-04 00:00:00'),(993,114,'l12','2004-10-23 00:00:00'),(994,102,'l9','2004-10-11 00:00:00'),(995,192,'l10','2004-09-29 00:00:00'),(996,144,'l12','2004-09-17 00:00:00'),(997,186,'l11','2004-09-05 00:00:00'),(998,52,'l13','2004-08-24 00:00:00'),(999,18,'l8','2004-08-12 00:00:00'),(1000,58,'l5','2004-07-31 00:00:00');
/*!40000 ALTER TABLE `wizyty` ENABLE KEYS */;
UNLOCK TABLES;

--
-- Table structure for table `wypozyczenia`
--

DROP TABLE IF EXISTS `wypozyczenia`;
/*!40101 SET @saved_cs_client     = @@character_set_client */;
/*!40101 SET character_set_client = utf8 */;
CREATE TABLE `wypozyczenia` (
  `ID_wyp` int(3) NOT NULL,
  `Data_wyp` varchar(19) DEFAULT NULL,
  `ID_filmu` varchar(6) DEFAULT NULL,
  `Pesel` bigint(11) DEFAULT NULL,
  PRIMARY KEY (`ID_wyp`)
) ENGINE=InnoDB DEFAULT CHARSET=utf8;
/*!40101 SET character_set_client = @saved_cs_client */;

--
-- Dumping data for table `wypozyczenia`
--

LOCK TABLES `wypozyczenia` WRITE;
/*!40000 ALTER TABLE `wypozyczenia` DISABLE KEYS */;
INSERT INTO `wypozyczenia` VALUES (1,'2010-09-01 00:00:00','BB2005',82030192835),(2,'2010-09-09 00:00:00','CD2007',78062657877),(3,'2010-09-09 00:00:00','DD1983',77012657444),(4,'2010-09-10 00:00:00','AC2003',87100788765),(5,'2010-09-11 00:00:00','CD2008',70120675819),(6,'2010-09-12 00:00:00','DD2007',87100488725),(7,'2010-09-13 00:00:00','BF1999',84092799822),(8,'2010-09-14 00:00:00','AA2000',79122889753),(9,'2010-09-14 00:00:00','AB2006',90030999856),(10,'2010-09-14 00:00:00','AA2000',73092076849),(11,'2010-09-14 00:00:00','BB2001',79101010977),(12,'2010-09-14 00:00:00','BB1999',47032598027),(13,'2010-09-14 00:00:00','AC2000',65082890067),(14,'2010-09-14 00:00:00','AB1999',89022908766),(15,'2010-09-15 00:00:00','BB2001',73050412326),(16,'2010-09-16 00:00:00','BB1999',65082890107),(17,'2010-09-17 00:00:00','AC2000',90051902315),(18,'2010-09-18 00:00:00','AC1994',81042277655),(19,'2010-09-19 00:00:00','NN1994',88022685932),(20,'2010-09-20 00:00:00','AM2010',89122489714),(21,'2010-09-21 00:00:00','BB2009',83081788913),(22,'2010-09-22 00:00:00','AS1999',95082036587),(23,'2010-09-23 00:00:00','AB2000',88030422354),(24,'2010-09-24 00:00:00','BB2003',87080799825),(25,'2010-09-25 00:00:00','AA1994',80072765543),(26,'2010-09-26 00:00:00','BB2009',76122675877),(27,'2010-09-26 00:00:00','DC1999',49060987956),(28,'2010-09-27 00:00:00','AA1995',88022685902),(29,'2010-09-28 00:00:00','BB1991',90010488986),(30,'2010-09-29 00:00:00','AA1998',84091751933),(31,'2010-09-30 00:00:00','AB2001',88111299954),(32,'2010-10-01 00:00:00','AA2006',73082076855),(33,'2010-10-01 00:00:00','NK2005',78061600937),(34,'2010-10-01 00:00:00','AC1992',90051902315),(35,'2010-10-01 00:00:00','BB2004',75082822346),(36,'2010-10-01 00:00:00','CD2002',90051902315),(37,'2010-10-02 00:00:00','DD2009',85102809896),(38,'2010-10-03 00:00:00','AC1997',89040987715),(39,'2010-10-04 00:00:00','CD2002',79022707767),(40,'2010-10-05 00:00:00','DD2002',70120675818),(41,'2010-10-06 00:00:00','BF1990',47032598048),(42,'2010-10-07 00:00:00','AA2003',65092490015),(43,'2010-10-07 00:00:00','AB2009',79112889763),(44,'2010-10-07 00:00:00','AA2006',82072709846),(45,'2010-10-07 00:00:00','AC2007',89122589754),(46,'2010-10-07 00:00:00','AC2007',79111590986),(47,'2010-10-08 00:00:00','CD2008',82070688964),(48,'2010-10-09 00:00:00','CD2002',81060188946),(49,'2010-10-10 00:00:00','DD1999',84072555426),(50,'2010-10-11 00:00:00','AC2000',73022098738),(51,'2010-10-12 00:00:00','CD2009',79032587649),(52,'2010-10-13 00:00:00','DD2003',91052687735),(53,'2010-10-14 00:00:00','BF2004',90112738475),(54,'2010-10-15 00:00:00','AA2002',89021744366),(55,'2010-10-16 00:00:00','AB2007',88032678854),(56,'2010-10-17 00:00:00','AA2007',86102376554),(57,'2010-10-18 00:00:00','AC2003',80070324566),(58,'2010-10-19 00:00:00','AC2008',89122009428),(59,'2010-10-20 00:00:00','AS2010',79032778646),(60,'2010-10-21 00:00:00','CD2004',81070188996),(61,'2010-10-22 00:00:00','DD2005',79092776545),(62,'2010-10-23 00:00:00','AC2008',86070376599),(63,'2010-10-24 00:00:00','CD2004',71032675523),(64,'2010-10-25 00:00:00','DD1999',53070987066),(65,'2010-10-26 00:00:00','BF2001',57101566451),(66,'2010-10-27 00:00:00','AA1993',89122589754),(67,'2010-10-28 00:00:00','AB2003',73082776855),(68,'2010-10-28 00:00:00','AA2007',79052009768),(69,'2010-10-29 00:00:00','AC2001',78062600932),(70,'2010-10-30 00:00:00','AC1979',65092890062),(71,'2010-10-31 00:00:00','BH2004',56070576888),(72,'2010-11-02 00:00:00','CD1986',77121098865),(73,'2010-11-03 00:00:00','DD1978',79040554576),(74,'2010-11-04 00:00:00','AC2008',79072587659),(75,'2010-11-04 00:00:00','CD2001',84091751923),(76,'2010-11-04 00:00:00','DD1987',82030192845),(77,'2010-11-04 00:00:00','BF2008',80070324546),(78,'2010-11-04 00:00:00','AA2005',79030778655),(79,'2010-11-05 00:00:00','AB2005',79021766553),(80,'2010-11-06 00:00:00','AC2005',79063009468),(81,'2010-11-07 00:00:00','AW2010',90030999826),(82,'2010-11-08 00:00:00','AC2008',89101774688),(83,'2010-11-08 00:00:00','BB2005',80072765563),(84,'2010-11-08 00:00:00','CD2007',95082778926),(85,'2010-11-08 00:00:00','DD1983',79012776558),(86,'2010-11-08 00:00:00','AC2003',77012657439),(87,'2010-11-09 00:00:00','CD2008',82070688934),(88,'2010-11-10 00:00:00','DD2007',87121987686),(89,'2010-11-11 00:00:00','BF1999',91050687765),(90,'2010-11-12 00:00:00','AA2000',58073022657),(91,'2010-11-13 00:00:00','AB2006',89122889704),(92,'2010-11-14 00:00:00','AZ2009',86112376544),(93,'2010-11-15 00:00:00','BH2004',73050512356),(94,'2010-11-15 00:00:00','BB1999',89121744366),(95,'2010-11-15 00:00:00','AC2000',89022908736),(96,'2010-11-15 00:00:00','BH2004',79052707768),(97,'2010-11-15 00:00:00','BB1999',79022776533),(98,'2010-11-15 00:00:00','AC2000',89123009458),(99,'2010-11-15 00:00:00','BF2008',79092009769),(100,'2010-11-15 00:00:00','AA2005',83081788913),(101,'2010-11-16 00:00:00','AB2005',78062657877),(102,'2010-11-17 00:00:00','AC2005',77012657444),(103,'2010-11-18 00:00:00','AC2010',87100788765),(104,'2010-11-19 00:00:00','AC2008',70120675819),(105,'2010-11-20 00:00:00','BB2005',87100488725),(106,'2010-11-21 00:00:00','AC2000',84092799822),(107,'2010-11-22 00:00:00','AC1992',79122889753),(108,'2010-11-23 00:00:00','BD2005',90030999856),(109,'2010-11-23 00:00:00','CD2002',73092076849),(110,'2010-11-23 00:00:00','DD2009',79101010977),(111,'2010-11-23 00:00:00','AC1997',47032598027),(112,'2010-11-23 00:00:00','CD2002',65082890067),(113,'2010-11-24 00:00:00','DD2002',89022908766),(114,'2010-11-25 00:00:00','BF1990',73050412326),(115,'2010-11-26 00:00:00','BC2009',65082890107),(116,'2010-11-27 00:00:00','AB2009',89022489744),(117,'2010-11-28 00:00:00','BC2009',81042277655),(118,'2010-11-29 00:00:00','DD1978',88022685932),(119,'2010-11-30 00:00:00','AC2008',89122489714),(120,'2010-12-01 00:00:00','BD2005',83081788913),(121,'2010-12-01 00:00:00','AA2003',95082036587),(122,'2010-12-02 00:00:00','AB2009',88030422354),(123,'2010-12-03 00:00:00','AA2006',87080799825),(124,'2010-12-03 00:00:00','AC2007',80072765543),(125,'2010-12-03 00:00:00','AB1994',76122675877),(126,'2010-12-03 00:00:00','AC2000',49060987956),(127,'2010-12-03 00:00:00','CD2002',88022685902),(128,'2010-12-03 00:00:00','DD1999',90010488986),(129,'2010-12-04 00:00:00','AC2000',84091751933),(130,'2010-12-05 00:00:00','CD2009',88111299954),(131,'2010-12-06 00:00:00','DD2003',73082076855),(132,'2010-12-07 00:00:00','BF2004',78061600937),(133,'2010-12-08 00:00:00','AA2002',90051902315),(134,'2010-12-09 00:00:00','AB2007',75082822346),(135,'2010-12-09 00:00:00','AA2007',89122589754),(136,'2010-12-09 00:00:00','AC2003',85102809896),(137,'2010-12-10 00:00:00','AC2008',89040987715),(138,'2010-12-11 00:00:00','AA2003',89122589754),(139,'2010-12-12 00:00:00','AB2009',70120675818),(140,'2010-12-13 00:00:00','AA2006',47032598048),(141,'2010-12-14 00:00:00','AB1994',76113098062),(142,'2010-12-15 00:00:00','AC2007',66030685027),(143,'2010-12-16 00:00:00','BD2005',95052768528),(144,'2010-12-16 00:00:00','CD2002',95082778956),(145,'2010-12-17 00:00:00','DD1999',73029098768),(146,'2010-12-17 00:00:00','AL2010',90110899884),(147,'2010-12-17 00:00:00','CD2009',79100445687),(148,'2010-12-17 00:00:00','DD2003',80062465997),(149,'2010-12-17 00:00:00','BF2004',65072490045),(150,'2010-12-17 00:00:00','AA2002',76022675847),(151,'2010-12-18 00:00:00','AB2007',59092098710),(152,'2010-12-19 00:00:00','AA2007',79032778615),(153,'2010-12-20 00:00:00','AC2003',79062009767),(154,'2011-01-02 00:00:00','DD2002',76103098037),(155,'2011-01-03 00:00:00','BF1990',81020799097),(156,'2011-01-04 00:00:00','AA2003',70100775818),(157,'2011-01-06 00:00:00','AB2009',82052148795),(158,'2011-01-06 00:00:00','AA2006',83080122395),(159,'2011-01-07 00:00:00','AC2007',89100899833),(160,'2011-01-08 00:00:00','AC2007',82072709836),(161,'2011-01-09 00:00:00','BB2004',81102454687),(162,'2011-01-10 00:00:00','AA2003',71022675598),(163,'2011-01-11 00:00:00','AB2009',81062099545),(164,'2011-01-12 00:00:00','AS2010',95052768598),(165,'2011-01-13 00:00:00','AC2007',83081788923),(166,'2011-01-14 00:00:00','AC2007',79040112365),(167,'2011-01-15 00:00:00','BB2004',92032487685),(168,'2011-01-16 00:00:00','CD2002',66032684427),(169,'2011-01-17 00:00:00','DD1999',82070688934),(170,'2011-01-17 00:00:00','AC2000',87121987686),(171,'2011-01-19 00:00:00','CD2009',91050687765),(172,'2011-01-21 00:00:00','AC2008',58073022657),(173,'2011-01-21 00:00:00','AB2007',89122889704),(174,'2011-01-22 00:00:00','AA2007',86112376544),(175,'2011-01-23 00:00:00','AC2003',73050512356),(176,'2011-01-24 00:00:00','AK2010',89121744366),(177,'2011-01-25 00:00:00','BB2005',89021744366),(178,'2011-01-26 00:00:00','CD2004',79052707768),(179,'2011-01-26 00:00:00','DD2005',79022776533),(180,'2011-01-26 00:00:00','CD2004',89123009458),(181,'2011-02-02 00:00:00','AC2008',79092009769),(182,'2011-02-02 00:00:00','NK2005',82030192835),(183,'2011-02-03 00:00:00','AX2009',78062657877),(184,'2011-02-03 00:00:00','AB1994',77012657444),(185,'2011-02-03 00:00:00','AB1994',87100788765),(186,'2011-02-06 00:00:00','BB2005',70120675819),(187,'2011-02-07 00:00:00','CD2004',87100488725),(188,'2011-02-08 00:00:00','DD2005',84092799822),(189,'2011-02-09 00:00:00','AB1994',79122889753),(190,'2011-02-10 00:00:00','CD2004',90030999856),(191,'2011-02-10 00:00:00','DD1999',73092076849),(192,'2011-02-10 00:00:00','BF2001',79101010977),(193,'2011-02-10 00:00:00','AA1993',47032598027),(194,'2011-02-10 00:00:00','AB2003',65082890067),(195,'2011-02-10 00:00:00','AA2007',89022908766),(196,'2011-02-10 00:00:00','AC2001',73050412326),(197,'2011-02-10 00:00:00','AC1979',65082890107),(198,'2011-02-10 00:00:00','BB1997',89022489744),(199,'2011-02-10 00:00:00','CD1986',81042277655),(200,'2011-02-10 00:00:00','DD1978',88022685932),(201,'2011-02-10 00:00:00','AC2008',89122489714),(202,'2011-02-10 00:00:00','CD2001',83081788913),(203,'2011-02-23 00:00:00','DD1987',95082036587),(204,'2011-02-24 00:00:00','BF2008',88030422354),(205,'2011-02-25 00:00:00','AL2010',87080799825),(206,'2011-02-26 00:00:00','AM2010',80072765543),(207,'2011-02-27 00:00:00','NK2005',76122675877),(208,'2011-02-28 00:00:00','AX2003',49060987956),(209,'2011-03-01 00:00:00','AB1994',88022685902),(210,'2011-03-02 00:00:00','AC2008',90010488986),(211,'2011-03-03 00:00:00','BB2005',84091751933),(212,'2011-03-03 00:00:00','CD2004',88111299954),(213,'2011-03-03 00:00:00','DD2005',73082076855),(214,'2011-03-03 00:00:00','AC2008',78061600937),(215,'2011-03-07 00:00:00','AE2008',90051902315),(216,'2011-03-07 00:00:00','BC2004',75082822346),(217,'2011-03-07 00:00:00','BF2001',89122589754),(218,'2011-04-07 00:00:00','AA1993',85102809896),(219,'2011-04-07 00:00:00','AH2000',89040987715),(220,'2011-04-07 00:00:00','AX2003',89122589754),(221,'2011-05-07 00:00:00','AC2001',70120675818),(222,'2011-05-07 00:00:00','AC1979',47032598048),(223,'2011-05-07 00:00:00','BB1997',76113098062),(224,'2011-05-07 00:00:00','CD1986',66030685027),(225,'2011-05-07 00:00:00','DD1978',95052768528),(226,'2011-06-07 00:00:00','AC2008',95082778956),(227,'2011-06-08 00:00:00','BD2005',73029098768),(228,'2011-06-09 00:00:00','BB2005',90110899884),(229,'2011-06-10 00:00:00','CD2007',79100445687),(230,'2011-06-11 00:00:00','DD1983',80062465997),(231,'2011-06-12 00:00:00','AC2003',65072490045),(232,'2011-06-13 00:00:00','CD2008',76022675847),(233,'2011-06-14 00:00:00','DD2007',59092098710),(234,'2011-06-15 00:00:00','BF1999',79032778615),(235,'2011-06-16 00:00:00','AA2000',79062009767),(236,'2011-06-16 00:00:00','AB2006',76103098037),(237,'2011-06-16 00:00:00','AA2000',81020799097),(238,'2011-06-19 00:00:00','BB2001',70100775818),(239,'2011-06-21 00:00:00','BB1999',82052148795),(240,'2011-06-21 00:00:00','AZ2009',83080122395),(241,'2011-06-22 00:00:00','AB1999',89100899833),(242,'2011-06-24 00:00:00','BB2001',82072709836),(243,'2011-06-24 00:00:00','BB1999',81102454687),(244,'2011-06-25 00:00:00','AC2000',71022675598),(245,'2011-06-26 00:00:00','AC1994',81062099545),(246,'2011-06-28 00:00:00','NN1994',95052768598),(247,'2011-06-28 00:00:00','AB1994',83081788923),(248,'2011-06-28 00:00:00','BB2009',79040112365),(249,'2011-06-30 00:00:00','AS1999',92032487685),(250,'2011-07-01 00:00:00','AB2000',66032684427),(251,'2011-07-01 00:00:00','BB2003',73052776846),(252,'2011-07-01 00:00:00','AA1994',79101889775),(253,'2011-07-04 00:00:00','BB2009',84072555466),(254,'2011-07-04 00:00:00','DC1999',57091566457),(255,'2011-07-06 00:00:00','AA1995',89121774628),(256,'2011-07-08 00:00:00','BB1991',56070476895),(257,'2011-07-08 00:00:00','NN2006',89122589754),(258,'2011-07-09 00:00:00','AB2001',80070324566),(259,'2011-07-10 00:00:00','AA2006',89122009428),(260,'2011-07-11 00:00:00','AC2000',79032778646),(261,'2011-07-12 00:00:00','AC1992',81070188996),(262,'2011-07-13 00:00:00','BB2004',79092776545),(263,'2011-07-13 00:00:00','CD2002',86070376599),(264,'2011-07-15 00:00:00','DD2009',71032675523),(265,'2011-07-16 00:00:00','AC1997',53070987066),(266,'2011-07-18 00:00:00','CD2002',57101566451),(267,'2011-07-18 00:00:00','DD2002',79022009768),(268,'2011-07-19 00:00:00','BD2005',73082776855),(269,'2011-07-20 00:00:00','AA2003',79052009768),(270,'2011-07-21 00:00:00','AB2009',78062600932),(271,'2011-07-22 00:00:00','AA2006',65092890062),(272,'2011-07-22 00:00:00','AC2007',56070576888),(273,'2011-07-22 00:00:00','AC2007',77121098865),(274,'2011-07-22 00:00:00','AW2010',79040554576),(275,'2011-07-26 00:00:00','CD2002',79072587659),(276,'2011-07-28 00:00:00','DD1999',84091751923),(277,'2011-07-28 00:00:00','AC2000',82030192845),(278,'2011-07-29 00:00:00','CD2009',80070324546),(279,'2011-07-30 00:00:00','DD2003',79030778655),(280,'2011-07-31 00:00:00','BF2004',79021766553),(281,'2011-08-01 00:00:00','AA2002',79063009468),(282,'2011-08-02 00:00:00','AB2007',90030999826),(283,'2011-08-03 00:00:00','AZ2009',89101774688),(284,'2011-08-04 00:00:00','AC2003',80072765563),(285,'2011-08-05 00:00:00','AC2008',95082778926),(286,'2011-08-06 00:00:00','BB2005',79012776558),(287,'2011-08-07 00:00:00','CD2004',77012657439),(288,'2011-08-08 00:00:00','DD2005',82070688934),(289,'2011-08-09 00:00:00','AL2010',87121987686),(290,'2011-08-10 00:00:00','CD2004',91050687765),(291,'2011-08-10 00:00:00','DD1999',58073022657),(292,'2011-08-13 00:00:00','BF2001',89122889704),(293,'2011-08-13 00:00:00','AA1993',86112376544),(294,'2011-08-14 00:00:00','AB2003',73050512356),(295,'2011-08-15 00:00:00','AA2007',89121744366),(296,'2011-08-16 00:00:00','AC2001',89022908736),(297,'2011-08-17 00:00:00','AC1979',49060987956),(298,'2011-08-19 00:00:00','BB1997',79022776533),(299,'2011-08-19 00:00:00','CD1986',89123009458),(300,'2011-08-20 00:00:00','DD1978',79092009769),(301,'2011-08-21 00:00:00','AC2008',82030192835),(302,'2011-08-22 00:00:00','BD2005',78062657877),(303,'2011-08-23 00:00:00','DD1987',77012657444),(304,'2011-08-24 00:00:00','BF2008',87100788765),(305,'2011-08-25 00:00:00','AA2005',70120675819),(306,'2011-08-26 00:00:00','AB2005',87100488725),(307,'2011-08-27 00:00:00','AC2005',84092799822),(308,'2011-08-28 00:00:00','AC2010',79122889753),(309,'2011-08-29 00:00:00','AC2008',90030999856),(310,'2011-08-31 00:00:00','BB2005',73092076849),(311,'2011-08-31 00:00:00','CD2007',79101010977),(312,'2011-09-01 00:00:00','DD1983',47032598027),(313,'2011-09-02 00:00:00','AC2003',65082890067),(314,'2011-09-02 00:00:00','CD2008',89022908766),(315,'2011-09-03 00:00:00','DD2007',73050412326),(316,'2011-09-04 00:00:00','BF1999',65082890107),(317,'2011-09-05 00:00:00','AA2000',89022489744),(318,'2011-09-06 00:00:00','AB2006',81042277655),(319,'2011-09-07 00:00:00','AX2009',88022685932),(320,'2011-09-07 00:00:00','BB2001',89122489714),(321,'2011-09-08 00:00:00','BB1999',83081788913),(322,'2011-09-09 00:00:00','AC2000',95082036587),(323,'2011-09-10 00:00:00','BB2001',88030422354),(324,'2011-09-10 00:00:00','BB1999',87080799825),(325,'2011-09-11 00:00:00','AC2000',80072765543),(326,'2011-09-12 00:00:00','BF2008',76122675877),(327,'2011-09-13 00:00:00','AA2005',49060987956),(328,'2011-09-14 00:00:00','AB2005',88022685902),(329,'2011-09-15 00:00:00','AC2005',90010488986),(330,'2011-09-16 00:00:00','AS2010',84091751933),(331,'2011-09-16 00:00:00','AC2008',88111299954),(332,'2011-09-17 00:00:00','BB2005',73082076855),(333,'2011-09-18 00:00:00','AC2000',78061600937),(334,'2011-09-19 00:00:00','AC1992',90051902315),(335,'2011-09-20 00:00:00','AL2010',75082822346),(336,'2011-09-20 00:00:00','CD2002',89122589754),(337,'2011-09-21 00:00:00','DD2009',85102809896),(338,'2011-09-22 00:00:00','AC1997',89040987715),(339,'2011-09-23 00:00:00','CD2002',79022707767),(340,'2011-09-24 00:00:00','DD2002',70120675818),(341,'2011-09-24 00:00:00','BD2005',47032598048),(342,'2011-09-24 00:00:00','AA2003',76113098062),(343,'2011-09-25 00:00:00','NK2005',66030685027),(344,'2011-09-26 00:00:00','BB2005',95052768528),(345,'2011-09-27 00:00:00','CD2007',95082778956),(346,'2011-09-28 00:00:00','DD1983',73029098768),(347,'2011-09-29 00:00:00','AC2003',90110899884),(348,'2011-09-30 00:00:00','CD2008',79100445687),(349,'2011-10-01 00:00:00','DD2007',80062465997),(350,'2011-10-01 00:00:00','BF1999',65072490045),(351,'2011-10-01 00:00:00','AA2000',76022675847),(352,'2011-10-01 00:00:00','AB2006',59092098710),(353,'2011-10-02 00:00:00','AA2000',79032778615),(354,'2011-10-03 00:00:00','BB2001',79062009767),(355,'2011-10-04 00:00:00','AL2010',76103098037),(356,'2011-10-05 00:00:00','AC2000',81020799097),(357,'2011-10-06 00:00:00','AB1999',70100775818),(358,'2011-10-07 00:00:00','BB2001',82052148795),(359,'2011-10-07 00:00:00','BB1999',83080122395),(360,'2011-10-08 00:00:00','AK2010',89100899833),(361,'2011-10-08 00:00:00','AC1994',82072709836),(362,'2011-10-08 00:00:00','NN1994',81102454687),(363,'2011-10-09 00:00:00','BG1999',71022675598),(364,'2011-10-10 00:00:00','BB2009',81062099545),(365,'2011-10-11 00:00:00','AS1999',95052768598),(366,'2011-10-11 00:00:00','AB2000',83081788923),(367,'2011-10-11 00:00:00','BB2003',79040112365),(368,'2011-10-12 00:00:00','AA1994',92032487685),(369,'2011-10-13 00:00:00','BB2009',65092490015),(370,'2011-10-14 00:00:00','DC1999',79112889763),(371,'2011-10-15 00:00:00','AA1995',82072709846),(372,'2011-10-16 00:00:00','BH2004',80070765593),(373,'2011-10-17 00:00:00','AA1998',79111590986),(374,'2011-10-18 00:00:00','AB2001',82070688964),(375,'2011-10-19 00:00:00','AA2006',81060188946),(376,'2011-10-20 00:00:00','AC2000',84072555426),(377,'2011-10-20 00:00:00','AC1992',73022098738),(378,'2011-10-20 00:00:00','BB2004',89122589754),(379,'2011-10-20 00:00:00','CD2002',91052687735),(380,'2011-10-21 00:00:00','DD2009',90112738475),(381,'2011-10-22 00:00:00','AC1997',89021744366),(382,'2011-10-23 00:00:00','AE2008',88032678854),(383,'2011-10-24 00:00:00','DD2002',86102376554),(384,'2011-10-24 00:00:00','BD2005',80070324566),(385,'2011-10-25 00:00:00','AA2003',89122009428),(386,'2011-10-25 00:00:00','AB2009',79032778646),(387,'2011-10-25 00:00:00','AA2006',81070188996),(388,'2011-10-26 00:00:00','AC2007',79092776545),(389,'2011-10-27 00:00:00','AK2010',88022685902),(390,'2011-10-28 00:00:00','AM2010',90010488986),(391,'2011-10-29 00:00:00','CD2002',84091751933),(392,'2011-10-30 00:00:00','DD1999',88111299954),(393,'2011-10-31 00:00:00','AC2000',73082076855),(394,'2011-11-01 00:00:00','CD2009',78061600937),(395,'2011-11-01 00:00:00','DD2003',90051902315),(396,'2011-11-02 00:00:00','BF2004',75082822346),(397,'2011-11-02 00:00:00','AA2002',90110899884),(398,'2011-11-02 00:00:00','AB2007',85102809896),(399,'2011-11-03 00:00:00','AA2007',89040987715),(400,'2011-11-04 00:00:00','AC2003',79022707767),(401,'2011-11-05 00:00:00','AC2008',70120675818),(402,'2011-11-06 00:00:00','BB2005',47032598048),(403,'2011-11-07 00:00:00','CD2004',76113098062),(404,'2011-11-07 00:00:00','DD2005',66030685027),(405,'2011-11-08 00:00:00','AC2008',95052768528),(406,'2011-11-08 00:00:00','CD2004',95082778956),(407,'2011-11-08 00:00:00','AD2008',90030999826),(408,'2011-11-09 00:00:00','BF2001',89101774688),(409,'2011-11-10 00:00:00','AX2006',80072765563),(410,'2011-11-10 00:00:00','AB2003',95082778926),(411,'2011-11-10 00:00:00','AA2007',79012776558),(412,'2011-11-10 00:00:00','AC2001',77012657439),(413,'2011-11-11 00:00:00','AC1979',82070688934),(414,'2011-11-12 00:00:00','BB1997',87121987686),(415,'2011-11-13 00:00:00','CD1986',91050687765),(416,'2011-11-14 00:00:00','DD1978',58073022657),(417,'2011-11-15 00:00:00','AC2008',89122889704),(418,'2011-11-16 00:00:00','CD2001',86112376544),(419,'2011-11-16 00:00:00','DD1987',73050512356),(420,'2011-11-16 00:00:00','BF2008',89121744366),(421,'2011-11-17 00:00:00','AA2005',89022908736),(422,'2011-11-17 00:00:00','AB2005',79052707768),(423,'2011-11-17 00:00:00','AC2005',79022776533),(424,'2011-11-18 00:00:00','AC2010',89123009458),(425,'2011-11-19 00:00:00','AC2008',79092009769),(426,'2011-11-20 00:00:00','BB2005',82030192835),(427,'2011-11-21 00:00:00','CD2007',78062657877),(428,'2011-11-22 00:00:00','DD1983',77012657444),(429,'2011-11-23 00:00:00','AC2003',87100788765),(430,'2011-11-23 00:00:00','CD2008',70120675819),(431,'2011-11-23 00:00:00','DD2007',87100488725),(432,'2011-11-24 00:00:00','BF1999',84092799822),(433,'2011-11-24 00:00:00','AA2000',79122889753),(434,'2011-11-24 00:00:00','AB2006',90030999856),(435,'2011-11-24 00:00:00','NN2006',73092076849),(436,'2011-11-25 00:00:00','BB2001',79101010977),(437,'2011-11-26 00:00:00','BB1999',47032598027),(438,'2011-11-27 00:00:00','AB1994',65082890067),(439,'2011-11-28 00:00:00','BB2001',89022908766),(440,'2011-11-29 00:00:00','BH2004',73050412326),(441,'2011-11-30 00:00:00','AB1994',65082890107),(442,'2011-12-01 00:00:00','BF2008',89022489744),(443,'2011-12-01 00:00:00','AA2005',81042277655),(444,'2011-12-01 00:00:00','AB2005',88022685932),(445,'2011-12-01 00:00:00','AC2005',89122489714),(446,'2011-12-02 00:00:00','AC2010',83081788913),(447,'2011-12-03 00:00:00','AC2008',95082036587),(448,'2011-12-04 00:00:00','BB2005',88030422354),(449,'2011-12-04 00:00:00','AC2000',87080799825),(450,'2011-12-05 00:00:00','AC1992',80072765543),(451,'2011-12-05 00:00:00','BB2004',76122675877),(452,'2011-12-06 00:00:00','CD2002',49060987956),(453,'2011-12-06 00:00:00','DD2009',88022685902),(454,'2011-12-06 00:00:00','AC1997',90010488986),(455,'2011-12-06 00:00:00','CD2002',84091751933),(456,'2011-12-07 00:00:00','DD2002',88111299954),(457,'2011-12-08 00:00:00','BF1990',73082076855),(458,'2011-12-09 00:00:00','AA2003',78061600937),(459,'2011-12-10 00:00:00','AB2009',90051902315),(460,'2011-12-11 00:00:00','DD2005',75082822346),(461,'2011-12-12 00:00:00','AC2008',89122589754),(462,'2011-12-12 00:00:00','CD2004',85102809896),(463,'2011-12-13 00:00:00','DD1999',89040987715),(464,'2011-12-13 00:00:00','BF2001',79022707767),(465,'2011-12-13 00:00:00','AA1993',70120675818),(466,'2011-12-14 00:00:00','AB2003',47032598048),(467,'2011-12-15 00:00:00','AA2007',76113098062),(468,'2011-12-16 00:00:00','AC2001',66030685027),(469,'2011-12-17 00:00:00','AC1979',89122589754),(470,'2011-12-18 00:00:00','BB1997',95082778956),(471,'2011-12-18 00:00:00','CD1986',73029098768),(472,'2011-12-19 00:00:00','DD1978',90110899884),(473,'2011-12-19 00:00:00','AC2008',79100445687),(474,'2011-12-19 00:00:00','CD2001',80062465997),(475,'2011-12-20 00:00:00','AW2010',65072490045),(476,'2011-12-21 00:00:00','CD2007',76022675847),(477,'2011-12-21 00:00:00','DD1983',59092098710),(478,'2011-12-22 00:00:00','AC2003',79032778615),(479,'2011-12-22 00:00:00','BC2004',79062009767),(480,'2011-12-22 00:00:00','DD2007',76103098037),(481,'2011-12-23 00:00:00','BF1999',81020799097),(482,'2011-12-24 00:00:00','AA2000',70100775818),(483,'2011-12-25 00:00:00','AB2006',82052148795),(484,'2011-12-25 00:00:00','AA2000',83080122395),(485,'2011-12-26 00:00:00','BB2001',89100899833),(486,'2011-12-26 00:00:00','AK2010',82072709836),(487,'2011-12-26 00:00:00','AC2000',81102454687),(488,'2011-12-27 00:00:00','AB1999',71022675598),(489,'2011-12-28 00:00:00','BB2001',81062099545),(490,'2011-12-29 00:00:00','BB1999',95052768598),(491,'2011-12-29 00:00:00','BH2004',83081788923),(492,'2011-12-30 00:00:00','AC1994',79040112365),(493,'2011-12-30 00:00:00','NN1994',92032487685),(494,'2011-12-31 00:00:00','AK2010',66032684427),(495,'2011-01-31 00:00:00','BB2009',73052776846),(496,'2011-12-31 00:00:00','AS1999',79101889775),(497,'2011-12-31 00:00:00','AC2010',89121774628),(498,'2011-12-31 00:00:00','AM2010',56070476895),(499,'2011-12-31 00:00:00','BB2005',79040112365),(500,'2011-12-31 00:00:00','AX2009',89122589754);
/*!40000 ALTER TABLE `wypozyczenia` ENABLE KEYS */;
UNLOCK TABLES;
/*!40103 SET TIME_ZONE=@OLD_TIME_ZONE */;

/*!40101 SET SQL_MODE=@OLD_SQL_MODE */;
/*!40014 SET FOREIGN_KEY_CHECKS=@OLD_FOREIGN_KEY_CHECKS */;
/*!40014 SET UNIQUE_CHECKS=@OLD_UNIQUE_CHECKS */;
/*!40101 SET CHARACTER_SET_CLIENT=@OLD_CHARACTER_SET_CLIENT */;
/*!40101 SET CHARACTER_SET_RESULTS=@OLD_CHARACTER_SET_RESULTS */;
/*!40101 SET COLLATION_CONNECTION=@OLD_COLLATION_CONNECTION */;
/*!40111 SET SQL_NOTES=@OLD_SQL_NOTES */;

-- Dump completed on 2023-01-04 21:12:43
